method,n_params,case,seed,is_approx_run,final_loss,total_evals,time_s,n_iterations,converged,stop_reason,source_json
GPU-CMAES,2,2P_seed2,2,False,7.07433134882231,340,1837.9666123390198,34,True,Stop A (normal convergence): rel_imp flat 10 iters (≥10) AND contraction_ratio=0.0063 < 0.1,GPU-cmaes/results/sweep_gpu1_w16_seed2_random/2P_seed2/gpu_cmaes_iterations_2params.json
GPU-DE,2,2P_seed2_approx,2,True,3.979853570864475,440,,44,False,"APPROXIMATED seed2 (ratio_peers): seed-transfer from seed42 × geo-mean ratios of peers ['GPU-PSO', 'GPU-CMAES']",SYNTHETIC
GPU-PSO,2,2P_seed2,2,False,7.07433134882231,470,2464.822863340378,47,True,Stop A (normal convergence): rel_imp flat 21 iters (≥10) AND contraction_ratio=0.0680 < 0.1,GPU-pso/results/sweep_gpu7_w16_seed2_random/2P_seed2/gpu_pso_iterations_2params.json
GPU-CMAES,3,3P_seed2,2,False,7.230556475781328,600,2811.490228176117,40,True,Stop A (normal convergence): rel_imp flat 13 iters (≥10) AND contraction_ratio=0.0803 < 0.1,GPU-cmaes/results/sweep_gpu1_w16_seed2_random/3P_seed2/gpu_cmaes_iterations_3params.json
GPU-DE,3,3P_seed2_approx,2,True,6.734706375765051,1020,,68,False,"APPROXIMATED seed2 (ratio_peers): seed-transfer from seed42 × geo-mean ratios of peers ['GPU-PSO', 'GPU-CMAES']",SYNTHETIC
GPU-PSO,3,3P_seed2,2,False,7.28186761911273,345,1814.1257288455963,33,True,Stop A (normal convergence): rel_imp flat 20 iters (≥10) AND contraction_ratio=0.0807 < 0.1,GPU-pso/results/sweep_gpu7_w16_seed2_random/3P_seed2/gpu_pso_iterations_3params.json
GPU-CMAES,5,5P_seed2,2,False,7.616595617498358,550,2781.2204756736755,22,True,Stop A (normal convergence): rel_imp flat 16 iters (≥10) AND contraction_ratio=0.0874 < 0.1,GPU-cmaes/results/sweep_gpu1_w16_seed2_random/5P_seed2/gpu_cmaes_iterations_5params.json
GPU-DE,5,5P_seed2_approx,2,True,7.9175472584853015,2275,,91,False,"APPROXIMATED seed2 (ratio_peers): seed-transfer from seed42 × geo-mean ratios of peers ['GPU-PSO', 'GPU-CMAES']",SYNTHETIC
GPU-PSO,5,5P_seed2,2,False,7.592209992526448,365,1933.9377913475037,31,True,Stop A (normal convergence): rel_imp flat 10 iters (≥10) AND contraction_ratio=0.0064 < 0.1,GPU-pso/results/sweep_gpu7_w16_seed2_random/5P_seed2/gpu_pso_iterations_5params.json
GPU-CMAES,8,8P_seed2,2,False,0.9585280275647811,1720,7633.2878251075745,43,True,Stop A (normal convergence): rel_imp flat 11 iters (≥10) AND contraction_ratio=0.0927 < 0.1,GPU-cmaes/results/sweep_gpu1_w16_seed2_random/8P_seed2/gpu_cmaes_iterations_8params.json
GPU-DE,8,8P_seed2_approx,2,True,0.9239565331796394,4400,,110,False,"APPROXIMATED seed2 (ratio_peers): seed-transfer from seed42 × geo-mean ratios of peers ['GPU-PSO', 'GPU-CMAES']",SYNTHETIC
GPU-PSO,8,8P_seed2,2,False,0.9509798549994976,1674,8224.695722579956,131,True,Stop A (normal convergence): rel_imp flat 11 iters (≥10) AND contraction_ratio=0.0873 < 0.1,GPU-pso/results/sweep_gpu7_w16_seed2_random/8P_seed2/gpu_pso_iterations_8params.json
GPU-CMAES,10,10P_seed2,2,False,1.0524044910032269,3750,16632.192672014236,75,True,Stop A (normal convergence): rel_imp flat 10 iters (≥10) AND contraction_ratio=0.0324 < 0.1,GPU-cmaes/results/sweep_gpu1_w16_seed2_random/10P_seed2/gpu_cmaes_iterations_10params.json
GPU-DE,10,10P_seed2_approx,2,True,1.576034830340989,3300,,66,False,"APPROXIMATED seed2 (ratio_peers): seed-transfer from seed42 × geo-mean ratios of peers ['GPU-PSO', 'GPU-CMAES']",SYNTHETIC
GPU-PSO,10,10P_seed2,2,False,1.0510736147505837,3890,17904.638216257095,168,True,Stop A (normal convergence): rel_imp flat 10 iters (≥10) AND contraction_ratio=0.0860 < 0.1,GPU-pso/results/sweep_gpu7_w16_seed2_random/10P_seed2/gpu_pso_iterations_10params.json
GPU-CMAES,20,20P_seed2,2,False,0.635587569772782,12200,58374.93703246117,244,True,Stop A (normal convergence): rel_imp flat 10 iters (≥10) AND contraction_ratio=0.0428 < 0.1,GPU-cmaes/results/sweep_gpu1_w16_seed2_random/20P_seed2/gpu_cmaes_iterations_20params.json
GPU-DE,20,20P_seed2_approx,2,True,0.6283787590571126,14200,,284,False,"APPROXIMATED seed2 (ratio_peers): seed-transfer from seed42 × geo-mean ratios of peers ['GPU-PSO', 'GPU-CMAES']",SYNTHETIC
GPU-PSO,20,20P_seed2,2,False,0.6678626461166989,2003,9894.281340122223,117,True,Stop A (normal convergence): rel_imp flat 14 iters (≥10) AND contraction_ratio=0.0932 < 0.1,GPU-pso/results/sweep_gpu7_w16_seed2_random/20P_seed2/gpu_pso_iterations_20params.json
GPU-CMAES,40,40P_seed2,2,False,0.4294622071661782,20550,81119.0495326519,411,True,Stop A (normal convergence): rel_imp flat 10 iters (≥10) AND contraction_ratio=0.0520 < 0.1,GPU-cmaes/results/sweep_gpu1_w16_seed2_random/40P_seed2/gpu_cmaes_iterations_40params.json
GPU-DE,40,40P_seed2_approx,2,True,0.2978946248732075,16100,,322,False,"APPROXIMATED seed2 (ratio_peers): seed-transfer from seed42 × geo-mean ratios of peers ['GPU-PSO', 'GPU-CMAES']",SYNTHETIC
GPU-PSO,40,40P_seed2,2,False,0.712376969306783,3268,16705.172635555267,160,True,Stop A (normal convergence): rel_imp flat 11 iters (≥10) AND contraction_ratio=0.0858 < 0.1,GPU-pso/results/sweep_gpu7_w16_seed2_random/40P_seed2/gpu_pso_iterations_40params.json
GPU-CMAES,80,80P_seed2,2,False,0.4995806225132031,13250,48178.74235701561,265,True,Stop B (long stagnation): rel_imp flat 50 iters (≥50),GPU-cmaes/results/sweep_gpu1_w16_seed2_random/80P_seed2/gpu_cmaes_iterations_80params.json
GPU-DE,80,80P_seed2_approx,2,True,1.292617516583691,7000,,140,False,"APPROXIMATED seed2 (ratio_peers): seed-transfer from seed42 × geo-mean ratios of peers ['GPU-PSO', 'GPU-CMAES']",SYNTHETIC
GPU-PSO,80,80P_seed2,2,False,0.6405364747813745,6377,35556.420634269714,224,True,Stop A (normal convergence): rel_imp flat 22 iters (≥10) AND contraction_ratio=0.0893 < 0.1,GPU-pso/results/sweep_gpu7_w16_seed2_random/80P_seed2/gpu_pso_iterations_80params.json
GPU-CMAES,120,120P_seed2,2,False,0.7978576538914758,7650,29693.724744558334,153,True,Stop B (long stagnation): rel_imp flat 50 iters (≥50),GPU-cmaes/results/sweep_gpu1_w16_seed2_random/120P_seed2/gpu_cmaes_iterations_120params.json
GPU-DE,120,120P_seed2_approx,2,True,2.5950505048772783,8150,,163,False,"APPROXIMATED seed2 (ratio_peers): seed-transfer from seed42 × geo-mean ratios of peers ['GPU-PSO', 'GPU-CMAES']",SYNTHETIC
GPU-PSO,120,120P_seed2,2,False,1.3281608857819354,5575,29901.56110906601,200,True,Stop B (long stagnation): rel_imp flat 50 iters (≥50),GPU-pso/results/sweep_gpu7_w16_seed2_random/120P_seed2/gpu_pso_iterations_120params.json
GPU-CMAES,160,160P_seed2,2,False,1.7434160366157505,4250,20717.547696828842,85,True,Stop B (long stagnation): rel_imp flat 50 iters (≥50),GPU-cmaes/results/sweep_gpu1_w16_seed2_random/160P_seed2/gpu_cmaes_iterations_160params.json
GPU-DE,160,160P_seed2_approx,2,True,1.499260375328429,4700,,94,False,"APPROXIMATED seed2 (ratio_peers): seed-transfer from seed42 × geo-mean ratios of peers ['GPU-PSO', 'GPU-CMAES']",SYNTHETIC
GPU-PSO,160,160P_seed2,2,False,3.0949436180968997,8922,43197.22008776665,284,True,Stop B (long stagnation): rel_imp flat 50 iters (≥50),GPU-pso/results/sweep_gpu7_w16_seed2_random/160P_seed2/gpu_pso_iterations_160params.json
GPU-CMAES,210,210P_seed2,2,False,1.5420893636199833,5900,32774.306965112686,118,True,Stop B (long stagnation): rel_imp flat 50 iters (≥50),GPU-cmaes/results/sweep_gpu1_w16_seed2_random/210P_seed2/gpu_cmaes_iterations_210params.json
GPU-DE,210,210P_seed2_approx,2,True,0.21398193545935876,12400,,248,False,"APPROXIMATED seed2 (ratio_peers): seed-transfer from seed42 × geo-mean ratios of peers ['GPU-PSO', 'GPU-CMAES']",SYNTHETIC
GPU-PSO,210,210P_seed2,2,False,0.8549619543974656,4710,27288.691556692123,148,True,Stop B (long stagnation): rel_imp flat 50 iters (≥50),GPU-pso/results/sweep_gpu7_w16_seed2_random/210P_seed2/gpu_pso_iterations_210params.json
