n_params,budget,winner,best_loss,winner_is_approx,winner_fill,winner_confidence,all_methods
2,100,GPU-CMAES,0.8548965910742423,False,observed,1.0,3
2,250,GPU-CMAES,0.7878708808109129,False,observed,1.0,3
2,500,GPU-CMAES,0.7877729460593893,True,approx_hold_final,0.7,3
2,750,GPU-CMAES,0.7876099017897555,True,approx_hold_final,0.7,3
2,1000,GPU-CMAES,0.7874470826456859,True,approx_hold_final,0.7,3
2,1500,GPU-CMAES,0.7871221184912875,True,approx_hold_final,0.7,3
2,2000,GPU-CMAES,0.78679805111458,True,approx_hold_final,0.7,3
2,3000,GPU-CMAES,0.7861525968020036,True,approx_hold_final,0.7,3
2,5000,GPU-CMAES,0.7848723410759559,True,approx_hold_final,0.7,3
2,7500,GPU-CMAES,0.7832917943741989,True,approx_hold_final,0.7,3
2,10000,GPU-CMAES,0.7817329361816943,True,approx_hold_final,0.7,3
2,15000,GPU-CMAES,0.7786790989558601,True,approx_hold_final,0.7,3
3,100,GPU-CMAES,0.870169991683076,False,observed,1.0,3
3,250,GPU-PSO,0.8256920548997801,False,observed,1.0,3
3,500,GPU-DE,0.8078474238710076,False,observed,1.0,3
3,750,GPU-DE,0.7776037877176057,False,observed,1.0,3
3,1000,GPU-DE,0.7713872676299357,False,observed,1.0,3
3,1500,GPU-DE,0.7711390874660777,True,approx_hold_final,0.7,3
3,2000,GPU-DE,0.7708811324941757,True,approx_hold_final,0.7,3
3,3000,GPU-DE,0.7703669501945422,True,approx_hold_final,0.7,3
3,5000,GPU-DE,0.7693454602206741,True,approx_hold_final,0.7,3
3,7500,GPU-DE,0.7680813824559144,True,approx_hold_final,0.7,3
3,10000,GPU-DE,0.7668313624447551,True,approx_hold_final,0.7,3
3,15000,GPU-DE,0.7643728720791849,True,approx_hold_final,0.7,3
5,100,GPU-CMAES,1.3574810123460308,False,observed,1.0,3
5,250,GPU-PSO,0.9469228304709362,False,observed,1.0,3
5,500,GPU-CMAES,0.8001142223888562,False,observed,1.0,3
5,750,GPU-CMAES,0.7741064660690201,False,observed,1.0,3
5,1000,GPU-CMAES,0.76188185574164,False,observed,1.0,3
5,1500,GPU-PSO,0.7556594912147286,True,approx_hold_final,0.7,3
5,2000,GPU-PSO,0.7554615748255724,True,approx_hold_final,0.7,3
5,3000,GPU-PSO,0.7550667788677867,True,approx_hold_final,0.7,3
5,5000,GPU-PSO,0.7542813173533134,True,approx_hold_final,0.7,3
5,7500,GPU-PSO,0.7533071854836967,True,approx_hold_final,0.7,3
5,10000,GPU-PSO,0.7523415341579722,True,approx_hold_final,0.7,3
5,15000,GPU-PSO,0.7504353784631222,True,approx_hold_final,0.7,3
8,100,GPU-CMAES,2.162946203418799,False,observed,1.0,3
8,250,GPU-CMAES,2.162946203418799,False,observed,1.0,3
8,500,GPU-CMAES,1.0105075053335446,False,observed,1.0,3
8,750,GPU-CMAES,0.8027201781726767,False,observed,1.0,3
8,1000,GPU-CMAES,0.7916727091169657,False,observed,1.0,3
8,1500,GPU-CMAES,0.7427348598572004,False,observed,1.0,3
8,2000,GPU-CMAES,0.714339829263516,False,observed,1.0,3
8,3000,GPU-CMAES,0.696705290421329,False,observed,1.0,3
8,5000,GPU-CMAES,0.6909903665921695,True,approx_hold_final,0.7,3
8,7500,GPU-CMAES,0.6907856457111383,True,approx_hold_final,0.7,3
8,10000,GPU-CMAES,0.6905813294446517,True,approx_hold_final,0.7,3
8,15000,GPU-CMAES,0.6901739075581387,True,approx_hold_final,0.7,3
10,100,GPU-CMAES,2.2911200593484127,False,observed,1.0,3
10,250,GPU-CMAES,2.2911200593484127,False,observed,1.0,3
10,500,GPU-CMAES,1.2555358445099287,False,observed,1.0,3
10,750,GPU-CMAES,1.0032667543036877,False,observed,1.0,3
10,1000,GPU-CMAES,0.8193883730744956,False,observed,1.0,3
10,1500,GPU-CMAES,0.7255514426420524,False,observed,1.0,3
10,2000,GPU-CMAES,0.6932708897318026,False,observed,1.0,3
10,3000,GPU-CMAES,0.6627771601800277,False,observed,1.0,3
10,5000,GPU-CMAES,0.6574325037792862,True,approx_hold_final,0.7,3
10,7500,GPU-CMAES,0.6570939735265664,True,approx_hold_final,0.7,3
10,10000,GPU-CMAES,0.6567566071004022,True,approx_hold_final,0.7,3
10,15000,GPU-CMAES,0.656085349737109,True,approx_hold_final,0.7,3
20,100,GPU-PSO,1.3718193599044404,False,observed,1.0,3
20,250,GPU-CMAES,0.7478301492245416,False,observed,1.0,3
20,500,GPU-PSO,0.7099599728850722,False,observed,1.0,3
20,750,GPU-PSO,0.687255785528866,False,observed,1.0,3
20,1000,GPU-PSO,0.6762826693874738,False,observed,1.0,3
20,1500,GPU-PSO,0.6755665136696328,False,observed,1.0,3
20,2000,GPU-PSO,0.6678626461166989,False,observed,1.0,3
20,3000,GPU-PSO,0.667760045880422,True,approx_hold_final,0.7,3
20,5000,GPU-CMAES,0.6634748933169895,False,observed,1.0,3
20,7500,GPU-CMAES,0.645468113287219,False,observed,1.0,3
20,10000,GPU-CMAES,0.6397718835785893,False,observed,1.0,3
20,15000,GPU-CMAES,0.6355321116068537,True,approx_hold_final,0.7,3
40,100,GPU-CMAES,2.6456973547294624,False,observed,1.0,3
40,250,GPU-CMAES,1.0642382542012687,False,observed,1.0,3
40,500,GPU-CMAES,1.0642382542012687,False,observed,1.0,3
40,750,GPU-CMAES,1.0642382542012687,False,observed,1.0,3
40,1000,GPU-CMAES,1.0642382542012687,False,observed,1.0,3
40,1500,GPU-DE,0.8968076215711037,False,observed,1.0,3
40,2000,GPU-DE,0.5947245244234539,False,observed,1.0,3
40,3000,GPU-DE,0.4225452958671018,False,observed,1.0,3
40,5000,GPU-DE,0.3860358660428696,False,observed,1.0,3
40,7500,GPU-DE,0.3280601628931845,False,observed,1.0,3
40,10000,GPU-DE,0.31482449081390773,False,observed,1.0,3
40,15000,GPU-DE,0.3044488531042154,False,observed,1.0,3
80,100,GPU-CMAES,1.5525730159011937,False,observed,1.0,3
80,250,GPU-CMAES,1.5525730159011937,False,observed,1.0,3
80,500,GPU-PSO,1.2490840597424153,False,observed,1.0,3
80,750,GPU-PSO,1.023496438728143,False,observed,1.0,3
80,1000,GPU-PSO,1.023496438728143,False,observed,1.0,3
80,1500,GPU-PSO,0.7706575271365347,False,observed,1.0,3
80,2000,GPU-PSO,0.6712381577547217,False,observed,1.0,3
80,3000,GPU-PSO,0.6147299208746012,False,observed,1.0,3
80,5000,GPU-PSO,0.5547050534712358,True,approx_hold_final,0.7,3
80,7500,GPU-PSO,0.554312396770909,True,approx_hold_final,0.7,3
80,10000,GPU-PSO,0.5539215931928627,True,approx_hold_final,0.7,3
80,15000,GPU-CMAES,0.49925748715373175,True,approx_hold_final,0.6,3
120,100,GPU-CMAES,5.469186522439438,False,observed,1.0,3
120,250,GPU-CMAES,2.4974871297710415,False,observed,1.0,3
120,500,GPU-CMAES,1.8595291151899842,False,observed,1.0,3
120,750,GPU-CMAES,1.7597589132447178,False,observed,1.0,3
120,1000,GPU-CMAES,1.7597589132447178,False,observed,1.0,3
120,1500,GPU-CMAES,1.5620464059486054,False,observed,1.0,3
120,2000,GPU-CMAES,1.5620464059486054,False,observed,1.0,3
120,3000,GPU-PSO,1.0224431987403713,False,observed,1.0,3
120,5000,GPU-PSO,0.8376827016971757,False,observed,1.0,3
120,7500,GPU-CMAES,0.7978576538914758,False,observed,1.0,3
120,10000,GPU-CMAES,0.7960649198098078,True,approx_hold_final,0.6,3
120,15000,GPU-CMAES,0.7923394416059599,True,approx_hold_final,0.6,3
160,100,GPU-CMAES,7.9716278578867765,False,observed,1.0,3
160,250,GPU-CMAES,2.1565783216739254,False,observed,1.0,3
160,500,GPU-CMAES,2.0111289744648384,False,observed,1.0,3
160,750,GPU-CMAES,2.0111289744648384,False,observed,1.0,3
160,1000,GPU-CMAES,1.1719148989250825,False,observed,1.0,3
160,1500,GPU-CMAES,1.1719148989250825,False,observed,1.0,3
160,2000,GPU-CMAES,1.1719148989250825,False,observed,1.0,3
160,3000,GPU-DE,0.9619051625421089,False,observed,1.0,3
160,5000,GPU-DE,0.9619051625421088,True,approx_hold_final,0.6,3
160,7500,GPU-DE,0.9619051625421088,True,approx_hold_final,0.6,3
160,10000,GPU-DE,0.9619051625421088,True,approx_hold_final,0.6,3
160,15000,GPU-DE,0.9619051625421088,True,approx_hold_final,0.6,3
210,100,GPU-CMAES,16.088932294293,False,observed,1.0,3
210,250,GPU-CMAES,9.04997687055604,False,observed,1.0,3
210,500,GPU-CMAES,2.946568865669251,False,observed,1.0,3
210,750,GPU-CMAES,2.946568865669251,False,observed,1.0,3
210,1000,GPU-CMAES,1.604244830919884,False,observed,1.0,3
210,1500,GPU-CMAES,1.604244830919884,False,observed,1.0,3
210,2000,GPU-CMAES,1.604244830919884,False,observed,1.0,3
210,3000,GPU-PSO,1.02475792903976,False,observed,1.0,3
210,5000,GPU-PSO,0.8547626985936503,True,approx_hold_final,0.6,3
210,7500,GPU-PSO,0.8530577637481198,True,approx_hold_final,0.6,3
210,10000,GPU-PSO,0.8513755303120896,True,approx_hold_final,0.6,3
210,15000,GPU-PSO,0.8480779626054871,True,approx_hold_final,0.6,3
