iteration,loss,n_evals_per_iter,cumulative_evals,param_displacement_norm,gradient_spread,iteration_classification,spearman_correlation_vs_iter1
1,9.002592215256982,211,211,0.0,318012.0852308873,progress,1.0
2,3.088269035960516,211,423,0.071195243657598,172769.46924846715,progress,0.8793791890324693
3,1.5170339796475691,211,635,0.0796688142349292,38867.62175827373,progress,0.58442595070183
4,1.3709531499056593,211,847,0.0719016292933428,124475.35807668832,progress,0.8417288373886028
5,1.36685322419997,211,1059,0.0504521995978979,39401.7877545449,progress,0.6630931054478073
6,1.6992899627909852,211,1271,0.0482910303731133,83788.32238831167,divergent,0.8570540958168795
7,1.255407496613801,211,1483,0.0284000063372629,16062.740135033688,progress,0.9244634637001812
8,1.2497310857644108,211,1695,0.0223869615069967,11815.590027857384,progress,0.8332271868814647
9,1.1500529170937053,211,1907,0.0298386840788478,26492.5958753955,progress,0.8603298422704757
10,1.136338914397227,211,2119,0.0258961561410879,48886.3586436431,progress,0.8564502596430758
11,1.0556335551905818,211,2331,0.0303754952209271,65447.893062018775,progress,0.7089483726550326
12,1.008425523958362,211,2543,0.0383122034260952,10967.731797691742,progress,0.8288098531550764
13,0.9694696719331968,211,2755,0.0286105758554674,15622.30400869566,progress,0.7595423284622586
14,0.9396437358761772,211,2967,0.0241158145740402,30387.531446593297,progress,0.6947958003582847
15,0.8927767997602042,211,3179,0.0210385846026867,23550.51057583766,progress,0.892220426119154
16,0.8797517096726909,211,3391,0.0176224429263165,48707.23522403763,progress,0.7878811634860525
17,0.9164851836761928,211,3603,0.017563946122543,36993.02052910168,plateau,0.9133197059862064
18,0.8740003038691877,211,3815,0.0105816550623239,16449.296660338572,progress,0.846656710712585
19,0.8775151984299998,211,4027,0.0171860848287258,16178.646349979776,plateau,0.8650244741539329
20,0.9313324271228766,211,4239,0.0350470008853741,55266.5570752068,plateau,0.6979328977333468
21,0.8664350037175341,211,4451,0.0698323995666228,198306.95741009864,progress,0.4125205301059628
22,1.009433461351718,211,4663,0.0604946192307531,133594.40759358095,divergent,0.9311678593294956
23,0.7708410069885622,211,4875,0.0097804478873404,47196.86637222295,progress,0.742896664323454
24,0.813994610716225,211,5087,0.0040693081363041,30484.50430123165,plateau,0.8410044931371946
25,0.800429584025371,211,5299,0.006945660116798,72090.9426243466,progress,0.8369784867165759
26,0.7888960832710689,211,5511,0.0310349625086901,58566.59092485293,progress,0.5431927513743428
27,0.7850437647879759,211,5723,0.034915011646782,34075.81990100222,progress,0.7763447826805272
28,0.805786958989607,211,5935,0.0192078636131755,36250.009513524,plateau,0.8211699001921001
29,0.7679633219740526,211,6147,0.0122509174150775,108688.27872664428,progress,0.8935719306884186
30,0.7940345642893543,211,6359,0.012136207731541,49545.202394183536,plateau,0.8217270880777989
31,0.798284000371809,211,6571,0.0108521016393122,49078.69756062294,plateau,0.8591623392820698
32,0.7823104733608828,211,6783,0.0118981852707984,71429.02688464483,progress,0.816900286044711
33,0.774634585560052,211,6995,0.0180567173175332,24211.02692733545,progress,0.6907296245784647
34,0.7720817792598428,211,7207,0.0202305504811477,10788.683090953196,progress,0.7840132429306786
35,0.774417151359753,211,7419,0.0663015517688728,236398.4420746037,plateau,0.4122885844512185
36,0.7546970489536232,211,7631,0.0664040204611648,23725.08348346931,progress,0.82710071171034
37,0.7617451102627165,211,7843,0.0113614030618317,31854.565085865623,plateau,0.7960174024030346
38,0.7650374407240844,211,8055,0.0081297486294376,21973.02495540172,plateau,0.7822872562707933
39,0.7520913320100749,211,8267,0.0090250974616487,25170.431644493703,progress,0.8972895400932317
40,0.749814384876435,211,8479,0.029009125397803,30774.637981710664,progress,0.4989701742507928
41,0.8076908088031035,211,8691,0.0250077192677853,34806.90892655098,plateau,0.5943361203525833
42,0.7635245135863518,211,8903,0.0114448865447878,31084.5867761186,progress,0.719358715617134
43,0.7636886866736016,211,9115,0.0035413089058622,27442.843283057187,plateau,0.8899294768588857
44,0.751924420663956,211,9327,0.0115094186831075,51691.76645436851,progress,0.7617412769320976
45,0.7611312147538595,211,9539,0.0129795362769803,30919.12267933565,plateau,0.7258272782343623
46,0.7411484528887712,211,9751,0.0109193697854397,23766.18999037728,progress,0.8523620555049839
47,0.7363693303415514,211,9963,0.0144052477106328,23283.040441547077,progress,0.741380594960041
48,0.7648114425046227,211,10175,0.0087431974107817,50768.39075994235,plateau,0.8489450684012919
49,0.7401828156551141,211,10387,0.0047180206898119,21881.305640753737,progress,0.834270294434924
50,0.741022213403464,211,10599,0.0240719417796379,48387.96696617821,plateau,0.4949636046168847
51,0.7520324071384323,211,10811,0.024021503423999,31690.81284288645,plateau,0.9329897341371524
52,0.7382152552555371,211,11023,0.0042802626971187,11278.596217081094,progress,0.8462692707641571
53,0.7372197802682958,211,11235,0.0164991409128306,19406.18852064731,plateau,0.5615980926033307
54,0.7323746846767084,211,11447,0.0202358524321933,44676.08202212534,progress,0.7516134152701875
55,0.7505989094397214,211,11659,0.0073051159045852,51084.00978884377,plateau,0.7097776755546772
56,0.7451034611649198,211,11871,0.0145157437632474,32435.66739003811,progress,0.8642418195423932
57,0.726845061987456,211,12083,0.0056672816079403,17616.592791963467,progress,0.8662282591441981
58,0.7432714515062919,211,12295,0.005150267581705,26723.88192995782,plateau,0.6694541178452378
59,0.7344149287422154,211,12507,0.0086840020626586,20995.09322504698,progress,0.8464817796321911
60,0.7345639148654124,211,12719,0.0103507715100357,53898.93496370409,plateau,0.6870586634617565
61,0.7649628447996111,211,12931,0.0112111121602289,17292.424084076512,plateau,0.9441075761355132
62,0.7523680598278704,211,13143,0.0058260376777497,19674.602837434988,progress,0.7532085275662227
63,0.7513988772581647,211,13355,0.024561131344049,52104.49928830353,plateau,0.6567204309783506
64,0.7362335648813357,211,13567,0.0251327890003601,15859.19661272892,progress,0.7801245898028137
65,0.7373296578993016,211,13779,0.007896189402451,22412.070721630826,plateau,0.8899437305024733
66,0.7331713161442258,211,13991,0.0101089217202865,35123.636905116364,progress,0.7267952302125412
67,0.7256148355874202,211,14203,0.0145651088364724,25734.23374882943,progress,0.7784478430025948
68,0.7558886771867419,211,14415,0.0149558906356463,32788.56128233044,plateau,0.9553368557110138
69,0.7276876261738422,211,14627,0.0070942767628455,31831.182910903644,progress,0.9092936995655878
70,0.7250537617988518,211,14839,0.007690117164412,12121.5304822911,progress,0.7211443084229315
71,0.7293708650119456,211,15051,0.004906604492948,22235.42517402532,plateau,0.7909029359266325
72,0.7257830520702913,211,15263,0.023337600464286,93739.13978064936,progress,0.6638602106299787
73,0.7581278615820969,211,15475,0.0225079203026822,41509.15476266719,plateau,0.8895886851985629
74,0.7450670944210074,211,15687,0.0123213914194042,36496.63141663006,progress,0.5491676196091261
75,0.7163724450400131,211,15899,0.0309495034109712,499721.1084504473,progress,0.1785093928271778
76,0.7450291274641152,211,16111,0.0333969240460554,31130.435453321512,plateau,0.826328423385046
77,0.7218470764749929,211,16323,0.0167916643245914,17897.20348808412,progress,0.5807990463016653
78,0.7316208179908301,211,16535,0.0110851748750325,18572.11761494022,plateau,0.8606589718587723
79,0.7271051785152404,211,16747,0.0027091032662002,16151.252378814906,progress,0.8737826902456485
80,0.7245416204049259,211,16959,0.0101623974029981,26912.901983043463,progress,0.7100135085667637
81,0.7243443841891535,211,17171,0.0113076346121147,9873.149043226997,plateau,0.8635822645800196
82,0.7205498645153622,211,17383,0.0038794291394372,15913.40255818658,progress,0.7988810889783701
83,0.7218678842973387,211,17595,0.0081612139191727,42227.055484682845,plateau,0.8304619800254621
84,0.73944619853942,211,17807,0.0050797667160625,53862.58976125615,plateau,0.6552704466897532
85,0.7235971637295593,211,18019,0.0092636594459045,27309.18824306372,progress,0.7957180758876943
86,0.713006781260347,211,18231,0.0097663394619263,24918.18490179865,progress,0.7354368255839944
87,0.7299214005876127,211,18443,0.0085845910884322,13303.67100282552,plateau,0.9629586676730604
88,0.7676392708627524,211,18655,0.0223421557848845,166986.1836592565,plateau,0.4943908673018176
89,0.7257650465442257,211,18867,0.0232328879244436,45427.05116249986,progress,0.7749155309644209
90,0.7239077944591902,211,19079,0.0119792218902303,61552.8654057598,progress,0.7878565435562191
91,0.7151750315416252,211,19291,0.0093081719431954,58587.87554264624,progress,0.8617565024150208
92,0.717302228115601,211,19503,0.0073955628589325,15654.066653521924,plateau,0.8141052761157525
93,0.7084585134688381,211,19715,0.010278609368779,45849.62226352582,progress,0.7911530225823067
94,0.7167216554381123,211,19927,0.0122439645799612,27025.733877045444,plateau,0.7121373014613225
95,0.7021726707765586,211,20139,0.0323566058924569,65574.83147395437,progress,0.464773091712478
96,0.7324925583112655,211,20351,0.0314922107856169,38428.31749672373,plateau,0.6418474017875365
97,0.7111228786354795,211,20563,0.025483181501197,125098.37774206349,progress,0.5638825629346956
98,0.7093687649410537,211,20775,0.0236359669533212,5474.844910035843,progress,0.9080963935042258
99,0.7111651492130348,211,20987,0.0044474106097776,8896.721860175941,plateau,0.9405752640973394
100,0.7200927069053848,211,21199,0.0138656117844126,75309.66810081624,plateau,0.5198038180328027
101,0.7390076046682889,211,21411,0.0146192717734916,11827.794013915907,plateau,0.7620989138075692
102,0.7327374456016945,211,21623,0.0100437372156267,29083.927247371987,progress,0.7632003317211599
103,0.6947340455028864,211,21835,0.0115719640038008,27030.80312719927,progress,0.8727771604798295
104,0.7019796980455235,211,22047,0.0035610913193831,21414.059188584448,plateau,0.738843446401441
105,0.6912865586287705,211,22259,0.0044632844415594,24058.458003507763,progress,0.8897428837064656
106,0.71946687235496,211,22471,0.0081382200364136,39711.56716158464,plateau,0.7254074436414172
107,0.6977844644736476,211,22683,0.0122023489388645,31286.400786954426,progress,0.6100682555159981
108,0.7036398521697022,211,22895,0.0151570964586221,29458.92545012924,plateau,0.7720505486033049
109,0.7178388434100021,211,23107,0.0074254379774255,43627.225206971525,plateau,0.6563550193881947
110,0.6934645264202794,211,23319,0.0074497340625678,45217.24355540254,progress,0.8772281846365158
111,0.7096697769750876,211,23531,0.0099198152053247,22713.61563907095,plateau,0.5951628316806666
112,0.7060068342186597,211,23743,0.014289319743594,45170.8347931122,progress,0.7992983319997538
113,0.6956867826848271,211,23955,0.0093107983317132,31591.50439948952,progress,0.8112480684693206
114,0.6836025011173539,211,24167,0.0105091655120698,47299.4815919316,progress,0.7354925443725644
115,0.6965800324130754,211,24379,0.0099752331609564,21205.01572157253,plateau,0.726168069894685
116,0.7065132471543568,211,24591,0.005794969058069,37085.8608261713,plateau,0.8080980132364517
117,0.7023892555571604,211,24803,0.0078702747927741,37130.80074016268,progress,0.8086150317629489
118,0.6918835121302784,211,25015,0.0114324227155612,54933.591788119134,progress,0.7912670517310078
119,0.6946036514097231,211,25227,0.0101491088239365,15563.761915644393,plateau,0.7569740810449216
120,0.6936736741004585,211,25439,0.0059560802487915,13670.343532462426,plateau,0.8255405856303836
121,0.6819007638736664,211,25651,0.0052167500586717,21254.5652331576,progress,0.799433093720946
122,0.6782090822393754,211,25863,0.0079343727779303,25925.603713885164,progress,0.8778592323117143
123,0.7276568399072304,211,26075,0.0084286599965403,32828.86680028906,plateau,0.7642551013466453
124,0.6927727676175095,211,26287,0.0106365290863864,28760.17565209549,progress,0.9530588643085524
125,0.6980672774953691,211,26499,0.018056957181823,22701.22959245924,plateau,0.5960802480133985
126,0.6969974217515882,211,26711,0.0182952368385589,29816.18128358468,progress,0.6739815933629852
127,0.6916134575590291,211,26923,0.040504803608065,84876.68299472528,progress,0.5129231955373138
128,0.7005014570965648,211,27135,0.0391464795292575,27754.42919099574,plateau,0.7352061757150308
129,0.6839750976090521,211,27347,0.0064805535014702,20204.668220407493,progress,0.9039796820789584
130,0.6961280272516089,211,27559,0.0036241829796015,12002.75233556086,plateau,0.8095609553828561
131,0.6930511675953458,211,27771,0.0039605457678251,19309.312702004063,progress,0.8262973245263093
132,0.703885644984985,211,27983,0.0035218506971682,19437.76138287465,plateau,0.7716734749411228
133,0.6980073865811504,211,28195,0.0039914963887001,31373.567143773664,progress,0.793315689050286
134,0.6779597436351701,211,28407,0.0112700899777669,22447.71431930914,progress,0.7470742776804138
135,0.6928044796161844,211,28619,0.0154897982232903,5379.223852754656,plateau,0.8669124340364049
136,0.7173445041806645,211,28831,0.0063958675538535,42236.36615504535,plateau,0.8811064714781353
137,0.6761985536253247,211,29043,0.0052019492772345,32651.274462217465,progress,0.916967342958862
138,0.6670686124046158,211,29255,0.0109987988244656,36213.75783312863,progress,0.6497516950497744
139,0.7022763826342094,211,29467,0.0454865141007532,52572.070541422494,plateau,0.3611361449725132
140,0.7277476215585434,211,29679,0.0419854153270421,9932.664759389016,plateau,0.9523980135603982
141,0.7228737344839286,211,29891,0.006972369218336,48652.85428395987,progress,0.6996329686776182
142,0.7216893891944667,211,30103,0.0074164978919221,66806.23006438257,progress,0.9556348864405736
143,0.6719420997294112,211,30315,0.0044741724713994,24724.836597296773,progress,0.8467059505722514
144,0.6738296651485867,211,30527,0.0055216032355505,15481.18414868534,plateau,0.8186159064183509
145,0.6941426728871234,211,30739,0.0062007842677947,12405.455309293697,plateau,0.8699355022627658
146,0.6695391239355158,211,30951,0.0060871209833939,21754.06075081382,progress,0.8799558137048782
147,0.6664960476808951,211,31163,0.0103916220706002,22187.135533860637,progress,0.7562976808673989
148,0.7228927060747826,211,31375,0.0062535566152904,83967.10073424439,plateau,0.7981126880104181
149,0.6756296295558997,211,31587,0.0245182004073173,46310.07739159222,progress,0.6656082256481358
150,0.7010251218164918,211,31799,0.0235872424576246,29077.28627857674,plateau,0.9113514073853308
151,0.6738634759812699,211,32011,0.0110383786785845,40000.25345243934,progress,0.7883774494400585
152,0.6659023066747163,211,32223,0.0268490038640556,138880.11480276572,progress,0.4983754085774539
153,0.6994965457501455,211,32435,0.0262895635713095,38459.71555137418,plateau,0.8290612355965311
154,0.6762950324247926,211,32647,0.0252363515981895,30766.33135956057,progress,0.3836193240533474
155,0.6735092514002455,211,32859,0.023452152337769,16288.904888485797,progress,0.8685334620480542
156,0.6732285272785872,211,33071,0.0043627622525472,23066.063998776703,plateau,0.867171591192544
157,0.6689853044241001,211,33283,0.0033311411911784,14925.84393386086,progress,0.8870100714949805
158,0.6669257928077982,211,33495,0.0054026862950485,18126.747313180276,progress,0.8728652739129166
159,0.6825858349370417,211,33707,0.0025309639888076,48261.76080334273,plateau,0.9443693248632136
160,0.6785455855496119,211,33919,0.0062716506526871,21347.753669771984,progress,0.8756408470551648
161,0.6731355325598716,211,34131,0.0033340226323716,42536.02660011781,progress,0.893395703822244
162,0.6819602827269395,211,34343,0.00375645264749,33077.821838411175,plateau,0.9089930772644664
163,0.6750059939883231,211,34555,0.0059046301678216,14870.52505006156,progress,0.8898232224248688
164,0.6698977695978731,211,34767,0.0063062100164718,21289.96324159389,progress,0.8524968172261761
165,0.6775013386538433,211,34979,0.0224460904597021,129553.93018983927,plateau,0.4466476402121201
166,0.7675571552698185,211,35191,0.0211329056530377,105918.25444171295,divergent,0.8538237018656075
167,0.6696543996199394,211,35403,0.0091201692804855,8142.990629869114,progress,0.5819380420028961
168,0.6693330788479189,211,35615,0.005242720981771,33654.796945596216,plateau,0.8504157852623804
169,0.6593988974549575,211,35827,0.0036585456964726,7628.012941799694,progress,0.9144742511168052
170,0.661362663360286,211,36039,0.0129474873960469,87123.74581379772,plateau,0.6679976546277369
171,0.6532969731228561,211,36251,0.0149433764716853,16000.386651556491,progress,0.6522901393941554
172,0.668086588221855,211,36463,0.0068156366668414,49947.49952243811,plateau,0.8700171367669496
173,0.6612903450558456,211,36675,0.0052506328157723,36792.08694200202,progress,0.7964761105694006
174,0.6478660855504613,211,36887,0.0057486769291151,3565.6286194467543,progress,0.8340124330645657
175,0.6376120056460284,211,37099,0.0068613205827884,42486.15162174562,progress,0.9077024746268948
176,0.6620761309595821,211,37311,0.0099399797042786,44584.17781217921,plateau,0.735337050078881
177,0.6601863143989251,211,37523,0.0076569556919181,7912.834352027454,progress,0.8121304985859737
178,0.6528034233013833,211,37735,0.0035860911975668,13296.371692633858,progress,0.94309427165501
179,0.6588008883107326,211,37947,0.0055137108222525,24189.15328945379,plateau,0.7904779181905647
180,0.6601931624811568,211,38159,0.0062018941580716,45290.6665455229,plateau,0.6284101032417321
181,0.6630779682478533,211,38371,0.0052464690825318,15374.98253726697,plateau,0.915646937248334
182,0.6617332938832938,211,38583,0.0027538662955761,19291.72056030396,progress,0.8549899090682329
183,0.6567557073218782,211,38795,0.0060086308897761,65435.835956447634,progress,0.7899310965911116
184,0.6487136607714447,211,39007,0.0081019080357606,13159.042145202156,progress,0.9548613023294988
185,0.6388023169094564,211,39219,0.0038375394618988,41861.17276752799,progress,0.8838872277635061
186,0.6604256374461648,211,39431,0.0027199036093626,29680.618807931187,plateau,0.8622748167272987
187,0.6421930300930094,211,39643,0.0045304832461289,18483.858343263382,progress,0.8709177078845324
188,0.6453285051553009,211,39855,0.0037541445236281,17154.022015453615,plateau,0.9383102305526848
189,0.6422713574659515,211,40067,0.0022255111604904,49243.41770420668,progress,0.8896469955586941
190,0.6502745132285167,211,40279,0.0085973129693955,17238.69715463714,plateau,0.6336204578659057
191,0.6458105159610618,211,40491,0.0360461256184651,73376.82002317323,progress,0.3712821476353529
192,0.639802738550347,211,40703,0.0356124438071222,26537.340825733587,progress,0.7961158821223675
193,0.6480589840545947,211,40915,0.0051401306122857,26504.46270658133,plateau,0.9274709824971736
194,0.6255821569329614,211,41127,0.0035097912549641,26438.5280253432,progress,0.997681839238337
195,0.6403701697608868,211,41339,0.0050620217135225,12873.277709848742,plateau,0.7196528589893518
196,0.6408274402014142,211,41551,0.0093005215143999,31435.198851798905,plateau,0.7535843054426241
197,0.6488285815813192,211,41763,0.0106697826612853,21087.178222803715,plateau,0.6890451030635615
198,0.6678812155506043,211,41975,0.0050258630210006,51924.47826252382,plateau,0.9219159488553352
199,0.6285733349086852,211,42187,0.0093802226033541,34534.044506941565,progress,0.7693164406060389
200,0.6711019715563865,211,42399,0.0129794698204001,25884.31893831509,plateau,0.334156589232668
201,0.6638599670378178,211,42611,0.0129660685177164,24596.323378102494,progress,0.8968515644993569
202,0.6518472519493482,211,42823,0.0071441609812045,29954.738100870774,progress,0.685914484617403
203,0.6386236790225989,211,43035,0.0063603612744041,7735.431361860424,progress,0.9387106283589196
204,0.6399523238156288,211,43247,0.0043643362428965,16155.152778613445,plateau,0.9499632320784728
205,0.6290174244780481,211,43459,0.0056772672414452,27893.810330289387,progress,0.9237663309501672
206,0.6392539283761561,211,43671,0.003661011233384,27116.88466708228,plateau,0.8710200749612073
207,0.631354619374727,211,43883,0.0022576768632411,16479.889104972226,progress,0.9037710605682668
208,0.6328554490812649,211,44095,0.00377226773865,20820.824047633258,plateau,0.9769596330334668
209,0.6386343666382674,211,44307,0.0174837894634023,24858.00508938419,plateau,0.3439928990939218
210,0.6273528731986885,211,44519,0.0184627468490017,37122.91919881853,progress,0.8753479994687278
211,0.6560300688613858,211,44731,0.0057366198301406,65154.59192218047,plateau,0.9483305419947972
212,0.6333995975167438,211,44943,0.0065428485950283,15569.085777316595,progress,0.8656723670442803
213,0.6245421118207574,211,45155,0.003831244005596,11632.276469555423,progress,0.8367102590599721
214,0.6254702660803042,211,45367,0.0037963697712883,5885.327669750938,plateau,0.8684894053315106
215,0.6221035324970423,211,45579,0.0043576991240113,28907.086843556077,progress,0.9531197662402452
216,0.6199807237590623,211,45791,0.0027544603985173,32193.63721550388,progress,0.9482087381314122
217,0.6321928824132182,211,46003,0.0036402757290821,25935.16351057822,plateau,0.9442850987874684
218,0.6171403042741532,211,46215,0.0092788100844675,51678.00494012464,progress,0.7278292672655357
219,0.6268288519436247,211,46427,0.0102625384362509,14089.084157355148,plateau,0.8292076593897496
220,0.6158382516172644,211,46639,0.0040377346234364,39322.66309343594,progress,0.8464169903431564
221,0.6186516092513732,211,46851,0.0053023015102982,10225.412805096952,plateau,0.6493409309572942
222,0.6196466581696236,211,47063,0.0055344897089903,6344.447213558875,plateau,0.9097614782324186
223,0.6169025207525395,211,47275,0.0070780311078762,35413.354741062074,progress,0.7405176016300985
224,0.6390548987329824,211,47487,0.0082006927226284,26239.71696997014,plateau,0.8961660938213694
225,0.6332318248408251,211,47699,0.0065763354991285,37467.7524029896,progress,0.797726543847771
226,0.627145169449599,211,47911,0.0062186430599763,14697.378850372726,progress,0.9434622748167272
227,0.6091429362795122,211,48123,0.0053049443002188,38172.92086294093,progress,0.8180483522464066
228,0.6213198219177637,211,48335,0.0061241962721944,33283.82940884711,plateau,0.7518285157097828
229,0.6135817638175798,211,48547,0.0157281832067286,58050.49266567919,progress,0.5117893829792058
230,0.6345991816557016,211,48759,0.0165349434753178,35954.43047688525,plateau,0.8188413731441918
231,0.6170164903753595,211,48971,0.0050129704475941,12879.670201496589,progress,0.8271033032819013
232,0.6132021550657328,211,49183,0.0036136693135429,31177.848328472526,progress,0.8954961725727503
233,0.6146456834067937,211,49395,0.0025797715377061,6774.480889536176,plateau,0.9344928456427584
234,0.6161772357487145,211,49607,0.0114153289626063,29984.475992525957,plateau,0.7007395697343315
235,0.6276650887645084,211,49819,0.0115700485774143,27685.055453114477,plateau,0.8483775142293475
236,0.6131474788835071,211,50031,0.0069827581411866,58333.13108952144,progress,0.7041591484095849
237,0.6058274147473819,211,50243,0.0075248493202927,13322.063480637054,progress,0.809374362230436
238,0.6146414015535175,211,50455,0.0178832741227878,94078.25719842737,plateau,0.5700686442517323
239,0.6163642206131785,211,50667,0.0174625146272551,19631.683573098457,plateau,0.6870159025309935
240,0.6310297217769641,211,50879,0.0035797243689031,39590.668165620045,plateau,0.8236759498919639
241,0.6195887571309339,211,51091,0.0041678694210851,8383.594187201827,progress,0.7030719841395819
242,0.6113088718586291,211,51303,0.0073755855708632,15059.86269350813,progress,0.7999773237488378
243,0.6042705574153778,211,51515,0.0058504852615546,41681.37229854874,progress,0.7657245224219532
244,0.6121761165911113,211,51727,0.0054210256244797,33695.191077301024,plateau,0.8286595420045159
245,0.6153822851539853,211,51939,0.003764341655279,4908.418572427047,plateau,0.8344154224423618
246,0.6155795507018477,211,52151,0.0106603342655832,36483.85594569309,plateau,0.563193204899366
247,0.6146429919272562,211,52363,0.0106073808515114,8710.956014187339,plateau,0.8763846280932837
248,0.6215376194001551,211,52575,0.0063543097279167,32897.44595389516,plateau,0.7223260650549251
249,0.6140205156327556,211,52787,0.0073870528261972,10655.144980222358,progress,0.9097757318760064
250,0.6072464207845418,211,52999,0.0068065085268316,43037.11363726605,progress,0.7206143320386275
251,0.6416552886422415,211,53211,0.008463641507771,9707.61848658157,plateau,0.9120031876330206
252,0.6425529676288436,211,53423,0.0024158685761302,13343.227842380746,plateau,0.874723430722433
253,0.6213461041622043,211,53635,0.0046876638914642,26138.75990164621,progress,0.7489233639894651
254,0.6121688160796589,211,53847,0.0048681927203572,5229.829167807177,progress,0.8678596534420929
255,0.6110930055885881,211,54059,0.0212992337301669,20203.46160722662,progress,0.3177830401078094
256,0.6188268724141427,211,54271,0.0212644423941328,12538.796325180228,plateau,0.9625919602971236
257,0.6170028097345247,211,54483,0.0054370968837169,34377.67710109241,progress,0.6820556345624942
258,0.6061060749178546,211,54695,0.006677139073748,28329.321432179862,progress,0.8961349949626327
259,0.5976977659575332,211,54907,0.0089200038167353,31949.98781021751,progress,0.755342686747027
260,0.6146219346669849,211,55119,0.0119609540302278,18703.88871299594,plateau,0.7939894976562475
261,0.6035997122804045,211,55331,0.0068792148040502,31007.5241564066,progress,0.8568338122341613
262,0.605916375313591,211,55543,0.0060924258147877,35724.93259029544,plateau,0.7442313236775695
263,0.6094180654101549,211,55755,0.0039566599739693,3153.0976263309426,plateau,0.976725095807161
264,0.6045272008374305,211,55967,0.0089976975427073,39638.05770537533,progress,0.5076234316942723
265,0.6058491773666782,211,56179,0.009009451680992,10828.098485903194,plateau,0.8577862147829721
266,0.6039967627738715,211,56391,0.0028748139502559,22016.99896295184,progress,0.8755436631216128
267,0.6083861043247691,211,56603,0.0044254787376212,11897.016788021156,plateau,0.8336496130459713
268,0.6070823495530555,211,56815,0.0039622596152193,17797.2835450912,progress,0.8574350568364038
269,0.609204329814114,211,57027,0.0061242493715423,19022.06724478268,plateau,0.8005500610639049
270,0.6100426160222601,211,57239,0.0070763355622031,25711.98182379176,plateau,0.7585704891267376
271,0.6003151562137534,211,57451,0.0047083480461874,49281.733691999456,progress,0.8772813118535243
272,0.5952750151272569,211,57663,0.0033079145558463,35004.91491772929,progress,0.8777840767364339
273,0.5915773473981476,211,57875,0.0039159404820405,20592.85618422988,progress,0.9016252393154364
274,0.6011746368139199,211,58087,0.0049591026423761,17074.068576716436,plateau,0.7654303790497354
275,0.6015191238777475,211,58299,0.0039181067951245,14955.749983601936,plateau,0.8258152922158908
276,0.5987536273982261,211,58511,0.0067007020107216,24855.63736467106,progress,0.875868905352567
277,0.6067752492482762,211,58723,0.0041098268311891,13992.222537319063,plateau,0.9085615805994952
278,0.5948631135786133,211,58935,0.004295008894845,22310.99900652565,progress,0.7896201080037448
279,0.5913413856974659,211,59147,0.0075637709378309,27092.148790321608,progress,0.5390889978068825
280,0.5850134919895527,211,59359,0.0050202986389658,34229.36125271656,progress,0.5853939026800089
281,0.5951726131041094,211,59571,0.0133299606137129,86767.22824356514,plateau,0.5948194484487824
282,0.5996598389992919,211,59783,0.0090731028448401,26502.88234357381,plateau,0.8486599955295391
283,0.5982540114590449,211,59995,0.0016731540393079,8368.570347737137,progress,0.9504608138182596
284,0.5921932076524569,211,60207,0.0084060439226437,26102.113299292723,progress,0.7881027428545512
285,0.5912731549141947,211,60419,0.0133847595297735,31712.11641731145,plateau,0.6217743842587944
286,0.5996021608849009,211,60631,0.0309911500441329,53591.850234794736,plateau,0.5301454843485275
287,0.6281200715103994,211,60843,0.0224284500160351,39054.91028407062,plateau,0.943569825036525
288,0.6006491957807513,211,61055,0.002046812294663,39875.54852368763,progress,0.9092172482045268
289,0.5849751190888434,211,61267,0.0037001642784728,42302.79717552241,progress,0.9082842824424264
290,0.5859925462769999,211,61479,0.0046520074827572,13856.494935169025,plateau,0.8090076548544994
291,0.5926474130777879,211,61691,0.0035607706167974,17436.744631819773,plateau,0.8252166391852098
292,0.5890978694721773,211,61903,0.0133625691591315,19835.899794935343,progress,0.5614996128839981
293,0.5902798888763657,211,62115,0.0135807975360266,9602.568246342486,plateau,0.7343120835263515
294,0.5944283118679613,211,62327,0.0044158610742614,22183.92064890386,plateau,0.8063331530031455
295,0.5857268118593348,211,62539,0.0141756609060308,33611.25447382688,progress,0.5640847055164839
296,0.6016254608066063,211,62751,0.0149850772568334,36646.93048971873,plateau,0.9022446249186084
297,0.5947698390181309,211,62963,0.0019203984892098,18882.052405123344,progress,0.8897804614941058
298,0.5891370444999345,211,63175,0.0039705915779939,13272.728271998909,progress,0.9550478954819188
299,0.5884705710199932,211,63387,0.0024330141811341,6909.3266312606265,plateau,0.8708619890959627
300,0.5830642517921688,211,63599,0.0084412636097556,32229.328617716623,progress,0.6837945790801864
301,0.6089547080337812,211,63811,0.0078226605653545,41058.36875506712,plateau,0.9653169977939248
302,0.5890038409925258,211,64023,0.0038846522595823,15495.636157578776,progress,0.9286255276277726
303,0.5883833192964185,211,64235,0.0027602051854869,18407.06323637013,plateau,0.9324701240390938
304,0.5871671716868496,211,64447,0.0018585434139663,17814.017348914134,progress,0.8653263922408346
305,0.5846923392995497,211,64659,0.0044506201849582,16876.310406064298,progress,0.7314639463803843
306,0.5865108669579523,211,64871,0.0051015545385979,8530.63702938097,plateau,0.8738630289640517
307,0.5845542542631822,211,65083,0.0021117449813939,13794.853834117364,progress,0.8481650053613136
308,0.5827297334500361,211,65295,0.0028093122008333,8431.306935989176,progress,0.923148241132776
309,0.579861938913427,211,65507,0.0022924719326279,11169.767846061606,progress,0.9508638031960556
310,0.5950836963887579,211,65719,0.0023045919596024,32148.63475844912,plateau,0.9447943425992814
311,0.5851014902258574,211,65931,0.0049797062795867,41152.23627597276,progress,0.6746644724694113
312,0.5930987561375097,211,66143,0.0058021785212823,28832.65958904917,plateau,0.93087760331462
313,0.5746711417588581,211,66355,0.0038365348147956,18424.17677316325,progress,0.8875089490205479
314,0.5967837665339787,211,66567,0.0043423852848942,25520.06914618569,plateau,0.8162329563676533
315,0.5770114106709021,211,66779,0.0073436881878609,27645.679885403257,progress,0.5258071935547616
316,0.5833170687562913,211,66991,0.007038094061659,21800.984920912288,plateau,0.7425856757360872
317,0.5790147438034751,211,67203,0.0052546801027627,12538.264571858976,progress,0.8138914714619379
318,0.5795503485692437,211,67415,0.0032270368922786,22998.458217025745,plateau,0.9767536030943365
319,0.5786132670485383,211,67627,0.0062177606717271,10756.317240431315,plateau,0.5491170839636792
320,0.5753276074037453,211,67839,0.0063495550577302,15460.138454399406,progress,0.9112671813095856
321,0.5797000443104601,211,68051,0.0023566428102574,16171.176094472532,plateau,0.9500306129390688
322,0.5777026304598915,211,68263,0.0030098880165119,21184.837763459123,progress,0.6514401039220197
323,0.5715362599648995,211,68475,0.0033834526464121,27534.14335810484,progress,0.8507591684942646
324,0.5816503522817236,211,68687,0.0031765740146975,13099.960342240876,plateau,0.9769751824628352
325,0.5772281153013844,211,68899,0.0029555973813502,8217.084876182751,progress,0.8749216859468794
326,0.5801999588020497,211,69111,0.0049609063154412,18340.061468099422,plateau,0.8289744179492247
327,0.5729265485528812,211,69323,0.0079497310800021,29923.77150913263,progress,0.7135173133177624
328,0.6004537924840183,211,69535,0.0050493144898769,23341.84504569304,plateau,0.9203350902028876
329,0.5807093364929123,211,69747,0.004796960191559,32465.452965507404,progress,0.8463120316949201
330,0.5762753093946998,211,69959,0.0069530794721869,33025.36444595455,progress,0.6561412147343801
331,0.5557366267389808,211,70171,0.0056251732027012,32844.437755741405,progress,0.9768196881691518
332,0.5729382808776511,211,70383,0.0027393650050729,10946.548657634568,plateau,0.8471724334533015
333,0.5734473913077932,211,70595,0.0161147351839735,54619.17596332412,plateau,0.5848263485080646
334,0.5690864090642338,211,70807,0.0164426639011877,20936.35788960888,progress,0.6809425545768772
335,0.5728385477088658,211,71019,0.007267884024397,25134.13267375401,plateau,0.8125840236092168
336,0.5730163482624309,211,71231,0.0066127772585279,10522.010186954198,plateau,0.9094219823578764
337,0.56615452211207,211,71443,0.0022497955625659,10848.711276581418,progress,0.8490616891215543
338,0.5565796439556314,211,71655,0.0024529271041262,41107.26356564484,progress,0.9292915615190496
339,0.5665121004406458,211,71867,0.0015990714605508,8624.90024104895,plateau,0.9121910765712212
340,0.5641627828331124,211,72079,0.0020918586076941,9598.303129248668,progress,0.9798945878267404
341,0.5647562576091878,211,72291,0.0028010587494504,13739.0020110953,plateau,0.6930192780529523
342,0.5657415302831583,211,72503,0.0182290945872282,29999.441327118428,plateau,0.529599958534855
343,0.5621401988566389,211,72715,0.0181069897002995,8032.901143444924,progress,0.8750862507410275
344,0.5545311763438128,211,72927,0.0025889051813191,22661.34073659275,progress,0.8809315403977414
345,0.5485649645056719,211,73139,0.0055733599331294,34860.478332975224,progress,0.8449721891976818
346,0.5713271913336244,211,73351,0.0146352384014341,175133.42459834443,plateau,0.4858140612193992
347,0.6320198643595639,211,73563,0.0268969200960509,101232.61151904833,divergent,0.5427184937786085
348,0.5481111366957985,211,73775,0.0467381060729038,84700.39544516678,progress,0.4727084838334526
349,0.5614658837652728,211,73987,0.0362533242394736,17036.32025683075,plateau,0.5402953743687093
350,0.5437002506972852,211,74199,0.0037892927321015,29648.69683625055,progress,0.9339745313304804
351,0.5485002081826553,211,74411,0.0197952398723193,147340.37171749416,plateau,0.2922236655836057
352,0.5839790403706872,211,74623,0.0206335810186381,15268.542464176358,plateau,0.6931320114158727
353,0.5662640117442369,211,74835,0.005592879768911,29160.91518852721,progress,0.8660507364922431
354,0.5477404270612996,211,75047,0.002700392964623,14860.88983356396,progress,0.9206953186499208
355,0.5336032763253384,211,75259,0.0040748263990434,37983.828160266494,progress,0.7628737937044248
356,0.5621863788773471,211,75471,0.0034398823623021,13489.133245993144,plateau,0.8748257977991079
357,0.5548206450497764,211,75683,0.0069219828257359,45457.20517900894,progress,0.7384106539506888
358,0.5665070051771741,211,75895,0.0080844932682564,30838.65280187697,plateau,0.7532383306391788
359,0.5769359665081271,211,76107,0.0042993177459815,82303.83482918788,plateau,0.8790254395143394
360,0.5439321983442218,211,76319,0.0037885444586939,17011.92976147811,progress,0.7152821735510686
361,0.5387110399266045,211,76531,0.0039558101449381,23647.748428492447,progress,0.8411910862896146
362,0.5479390522472263,211,76743,0.0055648200926226,16492.54970730611,plateau,0.9051653260682944
363,0.5393865669878773,211,76955,0.0025907747428606,22634.204317532047,progress,0.9548314992565428
364,0.5413737288775435,211,77167,0.0054283365527169,7719.359476861408,plateau,0.431765540520841
365,0.5460886438953192,211,77379,0.0057872597522159,22112.59195008837,plateau,0.792768867450833
366,0.5292396480377197,211,77591,0.0055420975166171,30984.117430447663,progress,0.8414580181604376
367,0.5588437428741672,211,77803,0.002030840786753,9168.770793547814,plateau,0.9148331837780578
368,0.5488712615511331,211,78015,0.0076104822749424,52608.88130659961,progress,0.8465893298519889
369,0.5560821693291974,211,78227,0.0062791262184877,36732.05224980424,plateau,0.7745358657306773
370,0.5428346153842708,211,78439,0.0044233649222874,20218.14197083816,progress,0.8572795625427204
371,0.5397596478665935,211,78651,0.002351381945209,32442.571513714403,progress,0.9072891189628528
372,0.545499357423141,211,78863,0.0039914926204632,13588.44100055572,plateau,0.8502097553232498
373,0.5322290337474237,211,79075,0.0039524627129958,10118.317201083006,progress,0.8519655450560913
374,0.5307916916086273,211,79287,0.0015496999562208,16758.109657685603,progress,0.8980281379882278
375,0.5264530839732549,211,79499,0.0026549845188368,41170.67092721657,progress,0.7293310829853608
376,0.5553041386251496,211,79711,0.0020631030678461,8186.02656666321,plateau,0.7542101699746997
377,0.5535895686103429,211,79923,0.003644840977669,13870.35535637766,progress,0.7174137411603114
378,0.5381820179465955,211,80135,0.0427676417780067,348261.46733087004,progress,0.3676720884503374
379,0.5266361922504548,211,80347,0.0431774488884106,51711.34515707132,progress,0.6971100737626055
380,0.55033891517284,211,80559,0.0060952548309174,15267.844362129035,plateau,0.8046019832001373
381,0.5661807538231252,211,80771,0.0029314775792865,37347.154331893966,plateau,0.9769894361064227
382,0.5578319608624991,211,80983,0.0021351976259687,31889.03882090035,progress,0.941841246805078
383,0.5324061013865621,211,81195,0.0065212416034098,63255.44201951566,progress,0.6349240183612844
384,0.5332255978428823,211,81407,0.0087589422381015,20145.8582108431,plateau,0.7620820685924202
385,0.5296688768054897,211,81619,0.0053315480600789,42003.650520741656,progress,0.6965788015925207
386,0.5529683769313077,211,81831,0.0085854434749952,39366.90208670795,plateau,0.7616194730687124
387,0.5616131347410258,211,82043,0.0052369384521451,14662.75554282998,plateau,0.8562818074915856
388,0.5465116879559744,211,82255,0.0049747634827873,15758.06961999003,progress,0.8515599641067337
389,0.5238928421344156,211,82467,0.0020087754987162,43496.39431354534,progress,0.7221666834038996
390,0.5558038448067766,211,82679,0.0031232234269568,34967.51393315094,plateau,0.883730437684042
391,0.5296301032321896,211,82891,0.0078081715615871,44527.65984210002,progress,0.6182913120802869
392,0.5429048933629465,211,83103,0.0076941710283017,11178.351193069137,plateau,0.8700430524825634
393,0.5210737839594671,211,83315,0.0136891898315886,19746.153655684997,progress,0.4264256073185981
394,0.5293793289187698,211,83527,0.0134668454052453,8520.335264124888,plateau,0.977043859109212
395,0.5267502864516502,211,83739,0.0024763432269867,9902.552747235091,progress,0.9141852908877104
396,0.5258127789176206,211,83951,0.0029967126438907,51155.17962157104,plateau,0.9387015578584548
397,0.5394618486282454,211,84163,0.0038431408405905,34605.12681950537,plateau,0.8458144499551333
398,0.5499956071580993,211,84375,0.0071058011313505,25894.080387935304,plateau,0.6709066937053966
399,0.5444746548938237,211,84587,0.0057695989617827,13897.732997739917,progress,0.9135309190684596
400,0.539920879861516,211,84799,0.0031933879769351,20452.214324111206,progress,0.8701182080578438
401,0.5470991348084958,211,85011,0.0028722979548975,17083.63454361444,plateau,0.7682305721218167
402,0.5459309358438665,211,85223,0.0021565990386421,16426.629371559615,progress,0.8432682308960682
403,0.5278282154538186,211,85435,0.0039823682645722,19632.03199675476,progress,0.8256105580625411
404,0.5555038986610248,211,85647,0.005388151888356,21526.653197206782,plateau,0.8586038556105904
405,0.5485370758519124,211,85859,0.0025254626993857,23230.518966051222,progress,0.9260365476379444
406,0.5371539570223149,211,86071,0.0079846068405479,44972.017569224685,progress,0.7147483098094223
407,0.5304291458351322,211,86283,0.0081207460273331,23331.793227573315,progress,0.8220108651637711
408,0.5284151310127527,211,86495,0.0035950691520549,27122.50948110152,progress,0.8449099914802084
409,0.5333520996893714,211,86707,0.0054082029252672,10885.97730944957,plateau,0.9840151866093496
410,0.5340402583402478,211,86919,0.0017003955588331,5222.0829359460695,plateau,0.9354296987622004
411,0.5295015582105266,211,87131,0.0024518238766325,22156.890244629776,progress,0.905565723874529
412,0.546492815969246,211,87343,0.0028648530275236,38634.12721150356,plateau,0.9192440385755426
413,0.5265361623654515,211,87555,0.0028053236630717,14156.7369786564,progress,0.8145264064944783
414,0.5272031404955304,211,87767,0.0023103587692419,11370.51243542308,plateau,0.9334315970883692
415,0.5267192702805584,211,87979,0.0022459231782049,18158.44858476981,plateau,0.9332255671492388
416,0.5211434872745055,211,88191,0.0014939816401199,23284.311059051422,progress,0.954003492142679
417,0.5342262625640821,211,88403,0.0015222052207413,21270.5508139346,plateau,0.981658152274266
418,0.524056319815266,211,88615,0.0041293938320584,28891.35512686928,progress,0.8115396202699768
419,0.5290454622148008,211,88827,0.005752437566403,8912.910359951082,plateau,0.8437075022757237
420,0.516004967318464,211,89039,0.0041687629468374,24820.841855970848,progress,0.854551933474358
421,0.5275190719805221,211,89251,0.0033316442167584,28109.5290237652,plateau,0.859632709520462
422,0.5203862755567391,211,89463,0.0155309716833487,50318.10756192376,progress,0.540941971473276
423,0.5214096949276374,211,89675,0.0151648157597312,29450.57381087408,plateau,0.9817022089908096
424,0.5253126487828715,211,89887,0.0020109701372972,14656.951259730326,plateau,0.7930461656079016
425,0.5202639099306697,211,90099,0.0021820629044322,30197.705631213503,progress,0.8439679552176433
426,0.5219362338251101,211,90311,0.0047718076542227,31321.518123333983,plateau,0.8466865137855408
427,0.5175488927394547,211,90523,0.0057184432772424,21785.84966156945,progress,0.7564104142303195
428,0.5206699715717179,211,90735,0.0043296556728215,71354.0068886985,plateau,0.9543650163754928
429,0.5150835220429251,211,90947,0.0102902983517138,25915.53624374713,progress,0.7749893907539206
430,0.5510508271106543,211,91159,0.0101024940706694,28065.46894467232,plateau,0.8459699442488168
431,0.5252785313970904,211,91371,0.006608152681572,40034.997862989774,progress,0.7276672940429488
432,0.5228307436443482,211,91583,0.005958879463535,7000.833746180175,progress,0.8075421211365337
433,0.5205138637132773,211,91795,0.0023766472493789,22374.481786195367,progress,0.832457490127732
434,0.5122618867557033,211,92007,0.0021379286267789,9613.413046797155,progress,0.8327192388554324
435,0.5121761288401286,211,92219,0.0029153284494225,21425.65709912172,plateau,0.8750551518822908
436,0.5095452644231369,211,92431,0.0030908985678528,6838.847814855603,progress,0.9163272247831988
437,0.5166022532197433,211,92643,0.0061015878169879,34758.80235776959,plateau,0.7120167933837177
438,0.5115382779204226,211,92855,0.0082212674311499,56104.22494926868,progress,0.8366338076989112
439,0.5105729825781569,211,93067,0.0033758519968911,28000.374505530224,plateau,0.874740275937582
440,0.5143496169984709,211,93279,0.0030253791843575,7022.277580814973,plateau,0.8322514601886015
441,0.5053453100045746,211,93491,0.0137517273258788,27668.21276854118,progress,0.4724622845351205
442,0.5050335570753369,211,93703,0.0130734432035139,15369.85275494461,plateau,0.8757963413488482
443,0.5127060343453971,211,93915,0.0045426988917501,43968.90669011055,plateau,0.6968159303903878
444,0.512372324853939,211,94127,0.0043519399261026,16932.663408119883,plateau,0.8099069301863016
445,0.5074397167712303,211,94339,0.0048588789125065,29332.20557770834,progress,0.8423417440628715
446,0.5136071820919954,211,94551,0.0051269408689547,35876.74392639798,plateau,0.7498990906823283
447,0.5157681387529468,211,94763,0.0045955708016105,16089.45904660445,plateau,0.9739391563786676
448,0.5082835989865653,211,94975,0.0089613676120125,11591.262068843596,progress,0.5415859770062813
449,0.5084742806094724,211,95187,0.0094702558028238,33770.65609231795,plateau,0.768454743061877
450,0.5101461501016268,211,95399,0.0102593284515046,31306.99094569532,plateau,0.2082204649927274
451,0.5081509437989208,211,95611,0.0110235156096626,22869.795446326203,progress,0.5679046819979721
452,0.5007922093894851,211,95823,0.0039423899647337,27856.98938130356,progress,0.8149825230892829
453,0.512198653472185,211,96035,0.0021596900519431,14848.32731132627,plateau,0.8992500639794228
454,0.5037712582097875,211,96247,0.0032491661522427,24055.606886066296,progress,0.7349534974877954
455,0.5042522477507959,211,96459,0.0025711276654189,15881.569408824153,plateau,0.8007068511433689
456,0.503195383185439,211,96671,0.0013894364747125,10379.11674114485,progress,0.9119863424178716
457,0.5045111896866915,211,96883,0.0087786387390802,34362.35557637148,plateau,0.2703248858898646
458,0.5150224467410378,211,97095,0.0088966498722371,51287.23698952178,plateau,0.6585073195699287
459,0.502377507465045,211,97307,0.0065118121809322,26069.311513170625,progress,0.7104812872335945
460,0.5058451041447942,211,97519,0.0088773151192455,24659.685604446488,plateau,0.532227812098104
461,0.5018767996520588,211,97731,0.0094493038865698,3772.938305807069,progress,0.8521171519924325
462,0.5040040382234947,211,97943,0.0012094842129913,8218.27231745705,plateau,0.9380964258988704
463,0.5022331068842444,211,98155,0.003264849369448,7833.312798626312,progress,0.8161876038653288
464,0.4973983132616604,211,98367,0.0042615976691202,9723.408867487584,progress,0.6569666302766826
465,0.4991292908728424,211,98579,0.0059191989822796,10726.254231951369,plateau,0.7640218599061203
466,0.4972849418428377,211,98791,0.0051883644871846,18899.984426156952,progress,0.668633885446058
467,0.5064234829621119,211,99003,0.0036078854180954,21936.723962282664,plateau,0.8891533011762496
468,0.4996849036903291,211,99215,0.0049491396844851,33384.06593415632,progress,0.7127255882057578
469,0.5203188357402418,211,99427,0.0046061123012351,10712.625990241118,plateau,0.9077854049168592
470,0.5218153442146707,211,99639,0.0029220536345854,10769.097406114275,plateau,0.8053185527368615
471,0.5222526047350405,211,99851,0.0068273442471801,52361.853473281655,plateau,0.7326003505100537
472,0.5142731907462864,211,100063,0.0092637132968519,27398.030915118823,progress,0.6392882248706644
473,0.5206852977485366,211,100275,0.0089886789324332,20118.232987625408,plateau,0.8605682668541237
474,0.5226086303562819,211,100487,0.003795825287857,36712.583189639394,plateau,0.7443945926859371
475,0.5081382545195009,211,100699,0.0080265474475996,37788.61627172398,progress,0.5526986358615192
476,0.4939750370583187,211,100911,0.0063036728447789,10332.155126692902,progress,0.7585225450528519
477,0.4956371161216217,211,101123,0.0025370825845075,8166.459204985299,plateau,0.829010699951084
478,0.4954905849931746,211,101335,0.0036953395541883,9879.473646412362,plateau,0.884392584217977
479,0.516079256675543,211,101547,0.0028499805435836,36022.54399322891,plateau,0.694964252509775
480,0.4917391439680061,211,101759,0.0028872127270535,23673.07952869361,progress,0.844101421153055
481,0.5008370512298227,211,101971,0.0027455983031682,49750.93594577241,plateau,0.7184063130683236
482,0.4962539700622483,211,102183,0.0058166514689245,36513.002994171344,progress,0.758140288247547
483,0.489181126406765,211,102395,0.0083869919513129,35777.688365334965,progress,0.9268671463233698
484,0.5286912700430167,211,102607,0.0028044032588804,56897.76078467415,plateau,0.7949483791339617
485,0.4999957959459261,211,102819,0.0052550423329147,34871.865183316026,progress,0.679263216205097
486,0.4920620583652091,211,103031,0.0047092231908402,14612.19769601923,progress,0.92854648469515
487,0.4896995141461737,211,103243,0.0045204531869763,26513.4021068738,progress,0.5813303184717502
488,0.4907629796705574,211,103455,0.0045100763921676,25350.60728382242,plateau,0.8801825762164999
489,0.4868698461554773,211,103667,0.0044994847521067,23948.44795592949,progress,0.4487753204640208
490,0.4960443342942198,211,103879,0.0054171260930425,53236.072719429445,plateau,0.6615666697981489
491,0.4930245077631465,211,104091,0.0053708058942469,9707.019697021826,progress,0.9099338177412508
492,0.4912314695759199,211,104303,0.0049189886781468,44548.18161168889,progress,0.6464305960938538
493,0.512044031102229,211,104515,0.0053460384306062,30781.72287522709,plateau,0.8569491371686433
494,0.5001838458680409,211,104727,0.0031160577514938,10204.116534326016,progress,0.4846945023048789
495,0.5029205325421598,211,104939,0.003398780719759,27793.460929017994,plateau,0.8698810792599767
496,0.4824085905185361,211,105151,0.0024208928813608,40483.68150787968,progress,0.9052508479298204
497,0.4967796983596779,211,105363,0.0027231931340119,7261.506563834853,plateau,0.9387482061465596
498,0.4995198737960759,211,105575,0.0026981745871022,13329.511776334282,plateau,0.8006148503529397
499,0.4940738443542457,211,105787,0.0029306683903127,6958.780085683158,progress,0.9448332161727024
500,0.495893340613102,211,105999,0.0011426157994525,20900.42605823984,plateau,0.9116364802570838
501,0.4990262442740251,211,106211,0.0027831665164852,25074.11232224093,plateau,0.9405610104537516
502,0.4904988472825604,211,106423,0.0021675959788111,16160.117768805378,progress,0.7851029987722429
503,0.4907256185447384,211,106635,0.0067153091214096,30715.898430045625,plateau,0.6077423200396509
504,0.5088347618385196,211,106847,0.0095467632057917,47365.70722558341,plateau,0.742497562303
505,0.4946641670709226,211,107059,0.0068860320186037,46541.39153746732,progress,0.7694537938987925
506,0.4975860270589365,211,107271,0.0035781990673508,30825.84479125904,plateau,0.6646234284548078
507,0.5013879922278556,211,107483,0.0040221949892946,50337.3136915096,plateau,0.8346188608099309
508,0.5008859265431401,211,107695,0.0019136724067269,4055.793670293852,plateau,0.8466528233552428
509,0.4984117857152904,211,107907,0.0041341729983385,40976.07276339502,progress,0.7380698622903661
510,0.4954570063138386,211,108119,0.0044870778830374,36395.3460499507,progress,0.7285251042297687
511,0.5100080780698841,211,108331,0.0045372238218674,34504.20961738848,plateau,0.9411181983394504
512,0.4911905296442843,211,108543,0.0029534268707183,22829.92844772834,progress,0.7901215771008737
513,0.5030252321271628,211,108755,0.0037532916363523,12595.607364434689,plateau,0.8011590803808314
514,0.5034951643111595,211,108967,0.0019217768985924,13472.377630521843,plateau,0.9632929804044796
515,0.4989988848623004,211,109179,0.0058594437635016,35090.14199130664,progress,0.6472793357802087
516,0.4996379525410522,211,109391,0.0169474813845739,34971.8703704642,plateau,0.2844943034017616
517,0.4962762303035082,211,109603,0.0221085341889746,49390.50146781343,progress,0.5520935039019349
518,0.4987816730441717,211,109815,0.017780405494697,33249.23566062765,plateau,0.5542885650144318
519,0.4998107484890493,211,110027,0.0054614322927824,6458.9575934129525,plateau,0.84959425707742
520,0.4901548839705198,211,110239,0.0053740941278295,21004.63141847869,progress,0.4537640957196955
521,0.4868224884020684,211,110451,0.0048307971215609,11676.532545519642,progress,0.911677945402066
522,0.4952775082215384,211,110663,0.0012809078643619,23151.869548715356,plateau,0.9359778161474344
523,0.4895992074711078,211,110875,0.0051111151426481,28080.49512061241,progress,0.8035264810021607
524,0.4907529483853873,211,111087,0.0051911690927796,7215.374383430313,plateau,0.849355832493772
525,0.4802387229667065,211,111299,0.0019221536972288,37949.07299084798,progress,0.7873071303852046
526,0.4986812865204144,211,111511,0.0019484322498674,6358.345478095953,plateau,0.9232946649259944
527,0.4971045000400957,211,111723,0.0018012601903937,5816.479376720636,progress,0.7637795479651305
528,0.4963796691178447,211,111935,0.0130008110835861,23710.245316064724,plateau,0.63299459333383
529,0.4868846221229351,211,112147,0.0137350991798141,45821.09312408586,progress,0.8158027554884627
530,0.5067603160964401,211,112359,0.0037974063380878,13446.696582733568,plateau,0.7808256099101697
531,0.5003894100883093,211,112571,0.0030589098094493,40217.865771440105,progress,0.9094569685739552
532,0.4866640354629907,211,112783,0.0062720114821265,49048.85490558692,progress,0.7054329058320079
533,0.4992325293843369,211,112995,0.0075544443332824,28857.811306053885,plateau,0.7467036829471352
534,0.4901812327687713,211,113207,0.0054801403439153,7168.878976850682,progress,0.8381226655609294
535,0.4884796584137808,211,113419,0.0025893326169504,12778.497713726823,progress,0.9003372282494257
536,0.4880986087380188,211,113631,0.0086286469291132,45299.35666750839,plateau,0.7641294101259178
537,0.5255804679198721,211,113843,0.0099107473607652,19890.769187154063,plateau,0.7588050263530433
538,0.5213234767699818,211,114055,0.0025571386232007,26053.1309443813,progress,0.953999604785337
539,0.5025958646950268,211,114267,0.0030947803639455,18670.821982437865,progress,0.751377582258101
540,0.4903147305159494,211,114479,0.0032762073488466,7116.61194063985,progress,0.8388768128852937
541,0.4955653701380326,211,114691,0.0022979560877756,30945.414180775748,plateau,0.8867664637682098
542,0.4982130332730703,211,114903,0.0089239129114615,42310.67471898805,plateau,0.491897775459761
543,0.4900642103552669,211,115115,0.0093392786226934,12768.555489270351,progress,0.8411548042877551
544,0.4809944760569717,211,115327,0.02151591808272,34704.83053579917,progress,0.1306534323745598
545,0.4878974548778417,211,115539,0.0215380683310683,30276.734085826527,plateau,0.7720686896042346
546,0.485215461674812,211,115751,0.0023095724376665,12201.66005601216,progress,0.9441192382075394
547,0.4784312217405508,211,115963,0.0027588928741697,31815.569775065527,progress,0.8559371284739206
548,0.4881029489241804,211,116175,0.0021070287612477,32138.155979928582,plateau,0.8625624811706128
549,0.4879839302897232,211,116387,0.0021735904277838,17080.99846328765,plateau,0.8460943396837635
550,0.469789350271532,211,116599,0.0178729466034886,39050.96707745882,progress,0.531077154324847
551,0.4922493319632015,211,116811,0.0180782629783994,30022.184471748937,plateau,0.934880285591186
552,0.4818205907168008,211,117023,0.0042666386232448,17311.157667851032,progress,0.7017645362868611
553,0.4826181954756554,211,117235,0.0032498428956114,11883.921200356435,plateau,0.8276928858121175
554,0.4819180058570081,211,117447,0.002835586462039,7778.192350242499,plateau,0.9370947834903932
555,0.4815269205610334,211,117659,0.0037116504887359,36175.10175191784,plateau,0.7497656247469169
556,0.4881283888706896,211,117871,0.0036442653701761,14654.332155271197,plateau,0.7795479651304047
557,0.4821475534428483,211,118083,0.0147040803131932,43489.23517488477,progress,0.4397346230721136
558,0.4860680953097829,211,118295,0.0155876720785814,22139.3482295585,plateau,0.6715960517407262
559,0.4745295205012093,211,118507,0.0051861878941019,16106.885593690702,progress,0.830713362466917
560,0.4831460851692136,211,118719,0.0028806922503006,25455.605502672905,plateau,0.8274777853725221
561,0.4755517912635537,211,118931,0.0027769317996176,4694.460648820276,progress,0.926449903301986
562,0.4828437456503503,211,119143,0.0023122833357595,27593.427250354987,plateau,0.8094754335213302
563,0.479505804198003,211,119355,0.0027435776400986,5922.112444578834,progress,0.8273883761536542
564,0.4778477492989982,211,119567,0.0035299313270379,9749.912240947064,progress,0.8351592034804806
565,0.4720175133943616,211,119779,0.0028431230121989,20878.15414188309,progress,0.8605306890664836
566,0.4821625702294791,211,119991,0.0016698864627404,6994.79963051876,plateau,0.962590664511343
567,0.4771305623391158,211,120203,0.0059006253069147,17437.018337298392,progress,0.5117414389053201
568,0.4982801967984853,211,120415,0.0058048856965965,38143.94315621202,plateau,0.9035067202690052
569,0.4745700116030042,211,120627,0.0012462554199094,29995.171048282114,progress,0.9393066898180392
570,0.4907060985042952,211,120839,0.0066024289129728,41995.67397510873,plateau,0.729661508359438
571,0.4897345358577595,211,121051,0.0069146319677662,19576.51017861277,plateau,0.8965561253413585
572,0.4838381954520068,211,121263,0.0117423000315512,11842.262210733892,progress,0.2417022737800986
573,0.4843181741886016,211,121475,0.0116995748299655,10055.813831195162,plateau,0.8020933419287123
574,0.4782033742454208,211,121687,0.0031639584475313,27233.193657661053,progress,0.9333201595112296
575,0.4779465056117952,211,121899,0.0021600516076511,15895.213221007632,plateau,0.9206694029343068
576,0.4759256983042443,211,122111,0.0027749033043436,12047.39129151132,progress,0.839750172501482
577,0.4716807295622915,211,122323,0.0043073352109749,12352.473373466211,progress,0.8221572889569896
578,0.4718138553743312,211,122535,0.0031900089752453,13518.463929816284,plateau,0.6572905767218563
579,0.4764350738504119,211,122747,0.002461620728005,28661.71941968776,plateau,0.7647863735167302
580,0.4699219500224856,211,122959,0.0028722596299848,12948.719742760552,progress,0.798095842795269
581,0.4706985429026649,211,123171,0.0022874413193972,27277.159108793625,plateau,0.8466165413533835
582,0.4746757893479383,211,123383,0.002496227341286,20866.14914852074,plateau,0.8515936545370318
583,0.4679162110105506,211,123595,0.0020442177869405,47014.321693127145,progress,0.8252542169728501
584,0.4794320708142943,211,123807,0.0019244940609312,18809.40672429248,plateau,0.8396180023518511
585,0.4746352982461434,211,124019,0.0025060452913896,21645.940247370345,progress,0.8497886249445241
586,0.467382514149321,211,124231,0.0021421694984922,29800.51778155551,progress,0.6888248194808434
587,0.4799678400066599,211,124443,0.002098761721372,11936.418384495031,plateau,0.9480882300538076
588,0.4737784354697646,211,124655,0.0016819061628657,5674.307094016094,progress,0.8672130563375262
589,0.4722641292496203,211,124867,0.0042425858818905,15954.14835993736,progress,0.7351025128525752
590,0.4930275707785762,211,125079,0.0047863026361623,71062.06564872267,plateau,0.7913694188076826
591,0.4752934557350252,211,125291,0.0089212377279966,24342.35997908083,progress,0.6618711794566123
592,0.4801232627709105,211,125503,0.0048649246056922,10686.072280368802,plateau,0.8795282043972491
593,0.4766718622668464,211,125715,0.0020387807085994,16744.42426234475,progress,0.8347277068155092
594,0.4769662445541745,211,125927,0.0023433423730961,18032.416044187183,plateau,0.7407430683559394
595,0.4776310339675061,211,126139,0.001542620993464,16324.86731907936,plateau,0.9190704032809296
596,0.470041483619878,211,126351,0.0018668280904908,20272.45000586104,progress,0.8668968846070367
597,0.4711558609229704,211,126563,0.0031536751343121,16778.974434984775,plateau,0.7790633412484248
598,0.4655493036519713,211,126775,0.0034164854573901,27544.84161632632,progress,0.8940798787144508
599,0.4687976871156086,211,126987,0.0057046672309331,29479.27848931686,plateau,0.6175553057568524
600,0.4711289117099072,211,127199,0.0069066448741258,9829.90845733723,plateau,0.8428004522292375
601,0.4719146330960083,211,127411,0.0025945480828913,36046.553744010525,plateau,0.8698901497604415
602,0.4637324228451442,211,127623,0.0031013580139866,16581.50747438605,progress,0.7900088437379532
603,0.4717772393367018,211,127835,0.0032183052221364,23591.58570729241,plateau,0.9718192508414508
604,0.4629797795803865,211,128047,0.0018645137862421,6317.423609890864,progress,0.8715202482725555
605,0.4629352805235013,211,128259,0.0031542667165924,20567.51763359052,plateau,0.7089431895119098
606,0.4600977476546398,211,128471,0.0036803670813128,9678.312889167142,progress,0.7927403601636578
607,0.461402648978124,211,128683,0.0020524284404735,15118.5291690361,plateau,0.8325274625598896
608,0.4623944945419735,211,128895,0.004063225830746,25062.672557793325,plateau,0.64090277395341
609,0.4712852962740934,211,129107,0.0045658187573021,50059.13962192775,plateau,0.8511997356597006
610,0.4563787769129004,211,129319,0.0019530007671167,8564.56913607405,progress,0.8359224213053098
611,0.4606836611428879,211,129531,0.0026519789326251,18295.38941536413,plateau,0.5793762735144625
612,0.4576411452641058,211,129743,0.0085119634541662,44605.31938629087,progress,0.4766554473214487
613,0.4610693152670264,211,129955,0.0082768978758801,8093.290843121284,plateau,0.8168458630419219
614,0.4626908113919441,211,130167,0.0031023227153347,9930.824540673735,plateau,0.6475216477211987
615,0.4536191211756252,211,130379,0.0071620779568673,27827.97907407789,progress,0.7449297522133641
616,0.458749098019885,211,130591,0.0064063019744728,36692.21998404575,plateau,0.875792453991506
617,0.460939103660628,211,130803,0.0015038269253136,11986.962440968626,plateau,0.833229778453026
618,0.4600505593337133,211,131015,0.0074142067798813,23865.01749255464,plateau,0.3657608044238126
619,0.4558028468166819,211,131227,0.0082114497348109,36068.40229276687,progress,0.767936428749599
620,0.4659606870710345,211,131439,0.0065081673277436,19299.991263666223,plateau,0.6997677303988105
621,0.4561706302989581,211,131651,0.0067801712616859,19988.83578782536,progress,0.753190386565293
622,0.4581101128922771,211,131863,0.0044006081088799,31885.03795758112,plateau,0.6411036207494177
623,0.450631638644033,211,132075,0.0038419916919318,8514.28153316358,progress,0.8116445789182132
624,0.4470958717580215,211,132287,0.0031966420012188,15693.172223330188,progress,0.8685749271930364
625,0.4468455569789246,211,132499,0.0020834452881954,28610.64743104889,plateau,0.8552231505087577
626,0.4509027797048478,211,132711,0.0029529861343987,20439.46447479629,plateau,0.8656918038309906
627,0.4446964925144207,211,132923,0.0040200999164573,17712.096972267813,progress,0.6700242635887435
628,0.4434252552821745,211,133135,0.0041242224991562,22706.933302298843,progress,0.9320088243011664
629,0.4450961735082746,211,133347,0.0042892123801501,38692.59074472035,plateau,0.7680038096101951
630,0.4584132578141481,211,133559,0.0083676011394503,13974.613641369466,plateau,0.697612838645515
631,0.4569432223738967,211,133771,0.0061384622781044,42098.47330094473,progress,0.6911222476700152
632,0.4443830972681393,211,133983,0.0053443232240761,31282.116952711232,progress,0.8440975337957128
633,0.4399900056143789,211,134195,0.004655457537359,19356.184426610034,progress,0.6958168795534722
634,0.4418821337466416,211,134407,0.0065171979538355,16740.22867754499,plateau,0.5610797782910529
635,0.4377512942612519,211,134619,0.0048895858492821,15415.12247958289,progress,0.810953925097103
636,0.4550275767069464,211,134831,0.0034758992875926,38183.72368579944,plateau,0.7287013310959432
637,0.4357467937973046,211,135043,0.0040508875116803,45341.46581589109,progress,0.6905274819966762
638,0.457001135810942,211,135255,0.0063460366347054,13030.671474009026,plateau,0.233873136093141
639,0.4488282666682254,211,135467,0.005772154836654,43548.2182982158,progress,0.7936590722821703
640,0.4342283052000913,211,135679,0.0023442063043603,41443.160598523806,progress,0.8528570456732094
641,0.451108784973582,211,135891,0.0024317327215295,71722.11571775321,plateau,0.8171309359136747
642,0.445738617023673,211,136103,0.003966244475364,22426.324134338214,progress,0.8487558836773105
643,0.4350232191166508,211,136315,0.0024667288083955,13531.880059841182,progress,0.9541201128629414
644,0.4368321731258813,211,136527,0.0013033437248478,9631.970459156852,plateau,0.9066671417881196
645,0.4370030236871648,211,136739,0.0029531871857274,5925.378354313975,plateau,0.8983598591480857
646,0.431292377399821,211,136951,0.0029895398387925,14845.770285073915,progress,0.8128911248392415
647,0.4296258470028402,211,137163,0.0043845589979741,22640.817312805284,progress,0.7267097083510153
648,0.4260959396656023,211,137375,0.0044154547014211,33218.35239190141,progress,0.6753693799341093
649,0.4499977110248598,211,137587,0.004477652382772,39505.58116626278,plateau,0.7698464169903432
650,0.4297369769148463,211,137799,0.0035439081702932,22098.010577809957,progress,0.8841502722769873
651,0.4225518287829029,211,138011,0.0032188058816065,29073.43603937789,progress,0.8352654579144975
652,0.4542313831090354,211,138223,0.0023481495934108,5641.939456081424,plateau,0.9102849756878192
