rank,nX_index,avg_abs_gradient,share_of_total,cumulative_share,relative_to_rank1,base_Kij
1,203,21.38276956226017,0.13385693141786437,0.13385693141786437,1.0,0.04077158
2,190,9.99514159598517,0.06256995751789844,0.19642688893576282,0.46743905493076265,0.01083536
3,150,7.508458043727979,0.04700322614836115,0.243430115084124,0.35114525374580763,0.01718477
4,194,6.10109311849558,0.038193069459901356,0.28162318454402535,0.28532754378384145,0.09246003
5,177,5.497122230007243,0.03441218927207668,0.316035373816102,0.2570818627587639,-0.003078511
6,184,5.478063467074278,0.034292880708450296,0.3503282545245523,0.2561905487090347,-0.002576667
7,114,5.16564657790721,0.03233713938199331,0.38266539390654564,0.24157986470678677,-0.004566838
8,200,4.035715443469809,0.025263728525232915,0.40792912243177853,0.1887367972478506,0.04541876
9,188,3.740398172368424,0.02341503144278862,0.43134415387456715,0.1749258046988494,0.07571994
10,181,3.644291255883021,0.022813398577068808,0.45415755245163597,0.1704312084209646,0.08464206
11,206,3.59329190658162,0.022494140756798318,0.4766516932084343,0.16804614089484707,0.1290418
12,154,3.4884832540178428,0.02183803470012596,0.4984897279085603,0.1631445937749286,0.1093149
13,100,3.387610325182313,0.02120656642012877,0.519696294328689,0.15842710717704808,-0.009188155
14,160,3.3535095402919985,0.020993094240527935,0.540689388569217,0.1568323285029842,-0.003814105
15,195,3.265287552497446,0.0204408213211861,0.5611302098904031,0.1527064837410287,-0.004902513
16,118,2.808897365254463,0.017583801802938396,0.5787140116933415,0.13136265426589394,0.1464255
17,69,2.7333932144982023,0.017111143015679006,0.5958251547090204,0.12783157983999158,-0.009798623
18,127,2.535182781376818,0.01587033834463854,0.611695493053659,0.11856194652405205,0.0202226
19,199,2.427511408240104,0.015196311550884653,0.6268918046045436,0.11352651962001103,0.09219704
20,164,2.411184558149792,0.01509410486309123,0.6419859094676349,0.11276296791812448,0.09085359
21,131,2.090900873210471,0.01308911710299997,0.6550750265706349,0.09778438041538066,0.1156619
22,52,2.0372279428586184,0.012753122566081604,0.6678281491367165,0.09527427852256583,-0.04723627
23,56,1.9848912633094211,0.012425493008803844,0.6802536421455203,0.09282666857209573,0.1113234
24,104,1.835414759685278,0.011489764545943106,0.6917434066914634,0.08583615674017832,0.1668513
25,73,1.6803137809981916,0.010518826660347407,0.7022622333518108,0.07858260718311653,0.107606
26,19,1.5823715818283708,0.009905704856877728,0.7121679382086885,0.07400218092520627,0.1246032
27,15,1.5769577928848315,0.009871814337073168,0.7220397525457617,0.07374899627913992,-0.03111987
28,38,1.554937395484748,0.009733965831714934,0.7317737183774766,0.07271917657613247,0.1309617
29,173,1.5497332665573458,0.009701387791396223,0.7414751061688728,0.07247579702175579,0.0877541
30,182,1.459310474348975,0.009135337754706388,0.7506104439235792,0.06824702806153822,0.01850238
31,201,1.4285740825348512,0.008942926800684915,0.7595533707242641,0.0668095907022369,-0.0008917118
32,85,1.381905075105294,0.008650777081320978,0.7682041478055851,0.06462703865753235,-0.03210053
33,169,1.3714541070956587,0.008585353633528456,0.7767895014391135,0.06413828213891556,-0.003301794
34,175,1.327558068152579,0.008310562799852247,0.7851000642389657,0.062085412476018634,0.0208318
35,89,1.3268816450491512,0.008306328366108697,0.7934063926050744,0.06205377844931043,0.1097355
36,34,1.272072491428366,0.007963221029338,0.8013696136344124,0.059490539227132155,0.03722401
37,191,1.201666228063964,0.007522475206439991,0.8088920888408524,0.05619787579738325,0.09174542
38,189,1.1083848027116792,0.00693853002012608,0.8158306188609785,0.05183541820831007,0.01854994
39,178,0.9079875474094457,0.005684035761035165,0.8215146546220137,0.04246351459597692,0.04208504
40,185,0.883556707236374,0.005531097794416496,0.8270457524164302,0.041320966615841025,0.03990757
41,151,0.8757195732425563,0.00548203704461659,0.8325277894610468,0.040954450296661775,0.1156092
42,112,0.8433715853149061,0.005279537439084682,0.8378073269001315,0.039441644023673485,-0.0136567
43,115,0.748727709497642,0.004687063262271204,0.8424943901624027,0.03501546922243038,0.1390262
44,139,0.7441835119915571,0.004658616417153684,0.8471530065795564,0.03480295243442246,0.08623535
45,143,0.7300882518320345,0.004570379565187593,0.851723386144744,0.03414376466557515,0.126317
46,158,0.7207723076963292,0.004512061408990153,0.8562354475537342,0.03370808938466356,0.02389036
47,35,0.6046303425159619,0.0037850083945236233,0.8600204559482578,0.028276521465353723,0.06147758
48,161,0.6032399243289075,0.0037763043250454028,0.8637967602733032,0.02821149629716838,0.04259788
49,98,0.5959973208451224,0.003730965358313661,0.8675277256316168,0.027872784164359912,-0.02331139
50,146,0.592341333778982,0.0037080787435301073,0.8712358043751469,0.027701805982347744,0.03087292
51,53,0.5640598936352526,0.0035310358781194826,0.8747668402532665,0.02637917843116068,0.03029904
52,111,0.5527426857544071,0.0034601897365690555,0.8782270299898355,0.025849910795932553,0.02084087
53,16,0.5341765591096475,0.003343965094398788,0.8815709950842343,0.024981635683548224,0.05764106
54,50,0.5334090678109691,0.0033391605703715394,0.8849101556546058,0.02494574270455672,-0.0136466
55,147,0.5068817369648877,0.003173098494295573,0.8880832541489014,0.02370514892792541,0.02613958
56,67,0.5047132200525445,0.0031595234979056607,0.8912427776468071,0.023603734707188982,0.03099794
57,70,0.4982071863363626,0.0031187954852684974,0.8943615731320756,0.023299469457674023,0.04047814
58,128,0.4782105002391696,0.0029936154878082624,0.897355188619884,0.022364291905534735,0.1256011
59,110,0.4771061088654573,0.0029867019568019515,0.9003418905766859,0.02231264324652933,0.02678905
60,208,0.4675153829863013,0.0029266636566876595,0.9032685542333736,0.021864117350422624,0.127426
61,101,0.4660558682185579,0.0029175270400487183,0.9061860812734224,0.021795860768248188,0.1367337
62,32,0.4035574758881337,0.0025262847834485354,0.9087123660568709,0.01887302179042318,0.1137546
63,45,0.3794186126275201,0.0023751746031431724,0.9110875406600141,0.01774412858553087,0.01251104
64,13,0.3585822003511305,0.00224473788862151,0.9133322785486356,0.01676967987271468,0.02756454
65,107,0.3584391381011279,0.002243842313624486,0.9155761208622601,0.01676298933388686,-0.01532545
66,167,0.3527710173653948,0.002208359667357264,0.9177844805296174,0.016497910447859997,0.02275871
67,202,0.3357149922697056,0.0021015883169553692,0.9198860688465728,0.015700257690763813,0.006676938
68,86,0.3352478064957981,0.0020986637166637537,0.9219847325632365,0.015678408988118106,0.03980358
69,149,0.3011838046756097,0.001885421800447686,0.9238701543636842,0.014085350534160384,0.02952908
70,144,0.2954544355120448,0.0018495557367480375,0.9257197101004323,0.013817407265778677,0.03644965
71,170,0.290495534166417,0.0018185128301967171,0.927538222930629,0.013585496178153241,0.04231739
72,108,0.2790871836657185,0.001747096132461817,0.9292853190630909,0.013051966110054214,0.03335307
73,196,0.2714499991394313,0.0016992870737529253,0.9309846061368438,0.012694800752963776,0.04436095
74,123,0.2610109659343949,0.0016339383382803407,0.932618544475124,0.012206602384897325,0.03532695
75,96,0.2597603114027487,0.001626109194474504,0.9342446536695985,0.012148113491398067,0.02220839
76,113,0.2502974530871533,0.001566871350055919,0.9358115250196545,0.01170556752989189,0.02644726
77,124,0.2459722017946912,0.0015397951163653133,0.9373513201360197,0.011503290117704089,0.02970693
78,48,0.2456937049592976,0.001538051715834955,0.9388893718518547,0.011490265760191246,-0.03519272
79,49,0.2353824940490163,0.0014735031526736744,0.9403628750045284,0.011008045209656005,-0.04464245
80,66,0.232280493991741,0.0014540845171355649,0.941816959521664,0.01086297513123407,-0.008900606
81,97,0.223697451435318,0.0014003543520376119,0.9432173138737016,0.01046157518482246,0.01126167
82,65,0.2232130082147508,0.0013973217194891245,0.9446146355931907,0.010438919409612581,-0.004913695
83,62,0.2160136660303835,0.0013522535700980628,0.9459668891632887,0.010102230461840639,0.05205483
84,93,0.2144169432634914,0.0013422580262898158,0.9473091471895786,0.01002755712440215,-0.01726457
85,11,0.2130460621851866,0.0013336762598377952,0.9486428234494164,0.009963445640886734,-0.0142143
86,140,0.2042352748477926,0.0012785204039546308,0.949921343853371,0.009551394839341141,0.08505719
87,27,0.1997521772186849,0.001250456046335672,0.9511717998997067,0.00934173548646572,0.1481189
88,157,0.1966423753086094,0.0012309885709093445,0.952402788470616,0.009196300541707012,-0.001612079
89,192,0.1870028101084845,0.001170644534832347,0.9535734330054484,0.008745490595312677,0.08035622
90,59,0.1861020524224709,0.0011650057582721,0.9547384387637204,0.008703365196945041,0.05217331
91,24,0.1730874076541526,0.0010835335987790006,0.9558219723624994,0.008094714164606897,0.1483283
92,12,0.1684283769603236,0.001054367893642361,0.9568763402561418,0.00787682701578535,-0.01973526
93,105,0.1678426205772655,0.0010507010369348478,0.9579270412930766,0.007849433165734611,-0.01628327
94,71,0.1658475681148394,0.0010382119344422805,0.9589652532275189,0.007756131292157517,0.01170497
95,8,0.1631967976003009,0.0010216180125961916,0.9599868712401151,0.0076321636972760286,0.05224411
96,30,0.1624964552194939,0.001017233843288107,0.9610041050834032,0.0075994110466538626,0.03249727
97,90,0.1578004948078151,0.0009878369567464997,0.9619919420401497,0.007379796819506833,-0.0120099
98,81,0.1575110108053353,0.0009860247761422202,0.9629779668162919,0.007366258629253371,-0.02182466
99,31,0.1559981180774413,0.000976554011490773,0.9639545208277827,0.007295505739947385,0.02932582
100,78,0.1489836603137039,0.0009326432454377501,0.9648871640732204,0.006967463212840996,0.018979
101,5,0.1454407943681793,0.0009104647730695223,0.96579762884629,0.00680177532403834,0.0749724
102,94,0.1437117854035985,0.0008996411127518594,0.9666972699590418,0.006720915407386923,0.03351675
103,186,0.1430367739991576,0.0008954155162963845,0.9675926854753382,0.00668934740107813,-0.006915762
104,137,0.1414217390701346,0.0008853053376732541,0.9684779908130114,0.006613817665590849,0.1682604
105,145,0.1401638927860928,0.0008774311732303856,0.9693554219862418,0.006554992438092636,0.03415468
106,99,0.1371695119548382,0.0008586862380431476,0.970214108224285,0.0064149553478300364,0.02470757
107,152,0.1326581215245232,0.000830444766438098,0.9710445529907231,0.006203972836084811,0.1235365
108,91,0.1313130694702231,0.0008220246906353976,0.9718665776813585,0.006141069288890715,-0.01554046
109,121,0.1283443996533711,0.000803440707352989,0.9726700183887115,0.00600223461603844,0.04186044
110,43,0.127642618931605,0.0007990475339770938,0.9734690659226886,0.005969414699061702,0.02272108
111,46,0.1212873696486918,0.0007592634374909309,0.9742283293601794,0.005672201128835982,-0.0277494
112,126,0.1212062360268454,0.0007587555380056208,0.9749870848981851,0.0056684067830375965,0.03427709
113,116,0.1161470427264046,0.0007270848000932564,0.9757141696982783,0.005431805379009462,0.1807469
114,39,0.1122200642886163,0.0007025017692610756,0.9764166714675394,0.005248153844704979,-0.007057101
115,54,0.1104311949867442,0.0006913033810093104,0.9771079748485487,0.005164494462010728,0.03394517
116,82,0.1074889722637627,0.0006728849575165311,0.9777808598060652,0.0050268966305224054,-0.02946507
117,209,0.1073686638729682,0.0006721318225230178,0.9784529916285882,0.005021270212932103,0.1340351
118,41,0.1059326172273772,0.0006631421172001395,0.9791161337457883,0.004954111155663601,0.04569521
119,75,0.1056812778820917,0.0006615687235662356,0.9797777024693546,0.004942356862350302,0.01579248
120,109,0.1013901040668202,0.0006347058161481651,0.9804124082855028,0.004741673138814073,0.03056553
121,36,0.0993001614389483,0.000621622697696565,0.9810340309831994,0.004643933572300642,0.01409478
122,204,0.0948375659306285,0.0005936866841149972,0.9816277176673144,0.004435233034452817,0.01544398
123,51,0.0945721377151664,0.0005920250936306577,0.982219742760945,0.004422819852208615,-0.02898051
124,58,0.0915908182818243,0.0005733619232793312,0.9827931046842243,0.004283393599465191,0.0681127
125,60,0.0912802260988015,0.0005714176046810901,0.9833645222889054,0.004268868250813864,0.06070514
126,17,0.0912648389326206,0.0005713212804494607,0.9839358435693548,0.0042681486449585,0.05760714
127,25,0.0910895036621322,0.0005702236751458746,0.9845060672445007,0.004259948805832054,0.1623353
128,72,0.0888016965716676,0.0005559019178115896,0.9850619691623124,0.0041529557858772164,0.01251934
129,23,0.0876085831225723,0.0005484329833190645,0.9856104021456314,0.004097157894700336,0.1810349
130,28,0.0811143031731412,0.0005077785496981876,0.9861181806953296,0.0037934423292062722,0.03194122
131,6,0.0794321700345263,0.0004972483337916055,0.9866154290291212,0.0037147746368048256,0.06222812
132,4,0.0789753419863917,0.0004943885732479182,0.9871098176023692,0.0036934103300528655,0.0922367
133,2,0.0764994977644273,0.0004788896964884862,0.9875887072988576,0.0035776234477804133,-0.006554082
134,132,0.0688080184879718,0.0004307407506275365,0.9880194480494852,0.003217918908381986,0.1989571
135,83,0.0687014195953765,0.00043007343760179383,0.988449521487087,0.0032129336377749716,-0.003060122
136,193,0.0679940521142932,0.00042564529090513244,0.9888751667779921,0.0031798524469112874,0.08354075
137,20,0.0674438297723326,0.00042220087861429483,0.9892973676566065,0.003154120404092488,0.0429219
138,129,0.0664647244900049,0.0004160716431920171,0.9897134392997985,0.00310833095294226,0.1410233
139,135,0.0656518968880204,0.00041098331222270154,0.9901244226120212,0.003070317747982173,0.07230459
140,122,0.0650477385051054,0.00040720125831280414,0.990531623870334,0.003042063298475252,0.03912708
141,33,0.0650202747761561,0.0004070293343498329,0.9909386532046839,0.00304077891251817,0.03917612
142,102,0.0645557277210851,0.00040412125253611123,0.99134277445722,0.0030190536138510176,0.1949588
143,1,0.063929768115284,0.0004002027221614513,0.9917429771793814,0.002989779594693747,-0.004853496
144,74,0.0631231765411343,0.00039515342895792986,0.9921381306083393,0.002952058027718938,0.04203423
145,106,0.0614493392739343,0.00038467514551443694,0.9925228057538538,0.0028737783052383546,0.1941871
146,76,0.061369507701989,0.0003841753969098538,0.9929069811507636,0.002870044851921521,0.02766836
147,21,0.0593856013203452,0.00037175606929684614,0.9932787372200604,0.0027772642429425365,0.0255378
148,136,0.0591577415642892,0.00037032965876333357,0.9936490668788238,0.0027666080108116825,0.07391844
149,95,0.0574593766261553,0.0003596978311890638,0.9940087647100129,0.002687181211902927,0.02847655
150,47,0.0566513682727475,0.0003546396688947806,0.9943634043789077,0.0026493933869415663,-0.03130228
151,64,0.0513652859469684,0.00032154859725924055,0.9946849529761669,0.002402181148583592,-0.003878442
152,153,0.0511194404570248,0.00032000959536376795,0.9950049625715306,0.002390683784351715,0.1218644
153,87,0.0489110905722112,0.00030618524308716335,0.9953111478146177,0.0022874067098650093,0.03528716
154,29,0.0487150829104088,0.0003049582278463703,0.9956161060424641,0.0022782400927328513,0.03187391
155,117,0.0480189466759488,0.0003006003891705952,0.9959167064316347,0.002245684149386361,0.1254117
156,79,0.0395826365480508,0.0002477887745234927,0.9961644952061581,0.0018511463836711195,-0.0158269
157,133,0.0381145973042911,0.00023859879434816948,0.9964030940005063,0.0017824911405097876,0.06700157
158,22,0.0376393662050069,0.00023562383002096672,0.9966387178305273,0.0017602661851362346,0.05025843
159,55,0.0337633701869052,0.00021135995102903904,0.9968500777815563,0.001578998926616894,0.03923997
160,44,0.0322878981728662,0.00020212344143578315,0.9970522012229921,0.0015099960778632343,0.05222566
161,61,0.0321428462692893,0.00020121541113350683,0.9972534166341256,0.0015032124896496237,0.04486416
162,162,0.0315429809581166,0.00019746023201212115,0.9974508768661378,0.0014751588126258838,0.00387996
163,92,0.0315426286098074,0.00019745802629862264,0.9976483348924364,0.001475142334484071,0.2143713
164,119,0.030755924944918,0.00019253323214552358,0.997840868124582,0.0014383508579356866,0.2121343
165,130,0.0294644198694996,0.0001844483624188617,0.9980253164870008,0.0013779515223090303,0.1374059
166,103,0.0283789296591628,0.0001776531533970956,0.9982029696403979,0.0013271868069536983,0.1683569
167,9,0.0257009862318784,0.00016088912810826678,0.9983638587685062,0.0012019484266079232,-0.01144301
168,172,0.0250286645512326,0.0001566803694236207,0.9985205391379298,0.0011705062096075388,0.007959565
169,14,0.0237363098957685,0.0001485901812943272,0.9986691293192241,0.0011100671419881102,-0.008392934
170,141,0.0233164493765301,0.00014596183885416187,0.9988150911580783,0.001090431681856723,0.008544066
171,42,0.0233038349694257,0.000145882872197306,0.9989609740302756,0.0010898417485897683,0.01090423
172,138,0.0212474878126957,0.00013301006264247896,0.999093984092918,0.0009936733289310083,0.07672832
173,134,0.0204973680999907,0.0001283142853884436,0.9992222983783065,0.0009585927604143399,0.06915091
174,88,0.0183248080939059,0.00011471397908158605,0.999337012357388,0.0008569894578225515,0.04168913
175,180,0.0173119240378019,0.0001083732872812377,0.9994453856446692,0.0008096202873717927,0.007069434
176,77,0.0165208792161323,0.00010342131732550422,0.9995488069619948,0.0007726257895652145,0.06692085
177,142,0.0138425506410471,8.665488099714159e-05,0.9996354618429919,0.00064736939715605,-0.01439166
178,207,0.0130921882403136,8.195758450703662e-05,0.9997174194274989,0.00061227747893897,0.0152165
179,163,0.0130114279594754,8.145202215030026e-05,0.9997988714496492,0.0006085005930401134,0.009406001
180,10,0.0094727162282246,5.929955531767533e-05,0.9998581710049669,0.0004430069828252561,-0.01291979
181,205,0.0089547678629344,5.605717931915117e-05,0.999914228184286,0.00041878428502261224,0.04523968
182,84,0.0071412944311293,4.470476830043578e-05,0.9999589329525864,0.00033397425017072773,-0.01713772
183,80,0.0065601923049185,4.106704741360262e-05,1.0,0.00030679806401211034,-0.01865578
184,0,0.0,0.0,1.0,0.0,0.005695253
185,3,0.0,0.0,1.0,0.0,2.022261e-05
186,7,0.0,0.0,1.0,0.0,0.01208578
187,18,0.0,0.0,1.0,0.0,-0.0001430538
188,26,0.0,0.0,1.0,0.0,-0.003803274
189,37,0.0,0.0,1.0,0.0,-0.003044488
190,40,0.0,0.0,1.0,0.0,-0.001475538
191,57,0.0,0.0,1.0,0.0,0.0001934094
192,63,0.0,0.0,1.0,0.0,-0.002844306
193,68,0.0,0.0,1.0,0.0,-0.001393123
194,120,0.0,0.0,1.0,0.0,2.963086e-05
195,125,0.0,0.0,1.0,0.0,-0.0004492036
196,148,0.0,0.0,1.0,0.0,-0.0003988656
197,155,0.0,0.0,1.0,0.0,-7.747864e-05
198,156,0.0,0.0,1.0,0.0,-0.0002799719
199,159,0.0,0.0,1.0,0.0,0.0003367835
200,165,0.0,0.0,1.0,0.0,-6.013491e-05
201,166,0.0,0.0,1.0,0.0,-0.0009804875
202,168,0.0,0.0,1.0,0.0,0.0001431316
203,171,0.0,0.0,1.0,0.0,0.001876223
204,174,0.0,0.0,1.0,0.0,-0.0005176416
205,176,0.0,0.0,1.0,0.0,-0.0002554039
206,179,0.0,0.0,1.0,0.0,0.0001823816
207,183,0.0,0.0,1.0,0.0,-0.001686643
208,187,0.0,0.0,1.0,0.0,0.0007773017
209,197,0.0,0.0,1.0,0.0,0.008025732
210,198,0.0,0.0,1.0,0.0,0.01560907
