collection,path,method,n_params,seed,loss,iterations,evaluations,time_seconds,stop_reason
seed42_table,seed42_table/10P/GD/result.json,GD,10,42,0.984502373191116,74,888,21989.588644742966,loss_threshold
seed42_table,seed42_table/10P/GPU-CMAES/result.json,GPU-CMAES,10,42,0.9969119314876947,8,450,2012.607177734375,loss_threshold
seed42_table,seed42_table/10P/GPU-DE/result.json,GPU-DE,10,42,0.8555483822460414,98,4950,23492.957795143127,loss_threshold
seed42_table,seed42_table/10P/GPU-PSO/result.json,GPU-PSO,10,42,0.9712969049317544,48,1576,7100.749603509903,loss_threshold
seed42_table,seed42_table/10P/NM/result.json,NM,10,42,0.876052129152027,91,375,9378.822511434555,loss_threshold
seed42_table,seed42_table/10P/PSO/result.json,PSO,10,42,1.6289223038164655,86,4265,101506.85951209068,stagnation
seed42_table,seed42_table/120P/GD/result.json,GD,120,42,0.9859393491975454,13,1586,37365.267457962036,loss_threshold
seed42_table,seed42_table/120P/GPU-CMAES/result.json,GPU-CMAES,120,42,4.098980759297601,52,2650,13694.41874408722,stagnation
seed42_table,seed42_table/120P/GPU-DE/result.json,GPU-DE,120,42,3.636151056278026,117,5900,35298.512731313705,stagnation
seed42_table,seed42_table/120P/GPU-PSO/result.json,GPU-PSO,120,42,1.3271984568455761,168,4685,27356.466116905212,stagnation
seed42_table,seed42_table/120P/NM/result.json,NM,120,42,7.754081872951901,50,321,7521.029735326767,stagnation
seed42_table,seed42_table/120P/PSO/result.json,PSO,120,42,7.503429324092708,70,3481,83858.61427664757,stagnation
seed42_table,seed42_table/160P/GD/result.json,GD,160,42,0.9759046466229162,8,1296,30466.679410219193,loss_threshold
seed42_table,seed42_table/160P/GPU-CMAES/result.json,GPU-CMAES,160,42,1.6270578513492135,55,2800,13220.686472892761,stagnation
seed42_table,seed42_table/160P/GPU-DE/result.json,GPU-DE,160,42,3.645834263154236,70,3550,19911.79535508156,stagnation
seed42_table,seed42_table/160P/GPU-PSO/result.json,GPU-PSO,160,42,2.9698581226489162,146,4633,29594.893159866333,stagnation
seed42_table,seed42_table/160P/NM/result.json,NM,160,42,7.754081872951901,50,361,8391.218554496765,stagnation
seed42_table,seed42_table/160P/PSO/result.json,PSO,160,42,1.5148729424816276,105,5196,136521.9001133442,stagnation
seed42_table,seed42_table/20P/GD/result.json,GD,20,42,0.969921114647138,40,880,20850.57329773903,loss_threshold
seed42_table,seed42_table/20P/GPU-CMAES/result.json,GPU-CMAES,20,42,0.9707965115181848,50,2550,11026.892901182175,loss_threshold
seed42_table,seed42_table/20P/GPU-DE/result.json,GPU-DE,20,42,2.6430060471699828,255,12800,62921.59223818779,stagnation
seed42_table,seed42_table/20P/GPU-PSO/result.json,GPU-PSO,20,42,0.913570993843279,97,3465,16394.45687031746,loss_threshold
seed42_table,seed42_table/20P/NM/result.json,NM,20,42,0.9932967240103546,233,953,22261.284549236298,loss_threshold
seed42_table,seed42_table/20P/PSO/result.json,PSO,20,42,8.760624739141793,61,3040,72790.21356129646,stagnation
seed42_table,seed42_table/210P/GD/result.json,GD,210,42,0.9694696719331968,12,2544,59668.61513400078,loss_threshold
seed42_table,seed42_table/210P/GPU-CMAES/result.json,GPU-CMAES,210,42,0.9191028337085517,191,9600,60536.904344558716,loss_threshold
seed42_table,seed42_table/210P/GPU-DE/result.json,GPU-DE,210,42,1.250257236892257,103,5200,26656.377045869827,stagnation
seed42_table,seed42_table/210P/GPU-PSO/result.json,GPU-PSO,210,42,0.9227266008500312,236,6571,36016.97320365906,loss_threshold
seed42_table,seed42_table/210P/NM/result.json,NM,210,42,7.754081872951901,50,411,8445.039086341858,stagnation
seed42_table,seed42_table/2P/GD/result.json,GD,2,42,2.3282486896464225,103,412,9876.338660240173,stagnation
seed42_table,seed42_table/2P/GPU-CMAES/result.json,GPU-CMAES,2,42,2.2909657786013624,60,610,3263.810451745987,stagnation
seed42_table,seed42_table/2P/GPU-DE/result.json,GPU-DE,2,42,1.1440481762578483,107,1080,5653.513517141342,stagnation
seed42_table,seed42_table/2P/GPU-PSO/result.json,GPU-PSO,2,42,1.1020490961403087,291,2920,15309.106984376907,stagnation
seed42_table,seed42_table/2P/NM/result.json,NM,2,42,2.3527505662709394,64,353,8447.076451778412,stagnation
seed42_table,seed42_table/2P/PSO/result.json,PSO,2,42,1.4726810503158294,60,551,12879.391856908798,stagnation
seed42_table,seed42_table/3P/GD/result.json,GD,3,42,2.2295141294445537,118,590,14255.521979570389,stagnation
seed42_table,seed42_table/3P/GPU-CMAES/result.json,GPU-CMAES,3,42,1.7918068363236868,127,1920,8094.593055963516,stagnation
seed42_table,seed42_table/3P/GPU-DE/result.json,GPU-DE,3,42,0.771240688937894,34,525,2420.101258993149,loss_threshold
seed42_table,seed42_table/3P/GPU-PSO/result.json,GPU-PSO,3,42,0.8148500243212816,119,1216,6302.902188062668,loss_threshold
seed42_table,seed42_table/3P/NM/result.json,NM,3,42,2.3300593458759336,69,412,10191.691658735275,stagnation
seed42_table,seed42_table/3P/PSO/result.json,PSO,3,42,0.9805698788490806,7,114,2655.8425376415253,loss_threshold
seed42_table,seed42_table/40P/GD/result.json,GD,40,42,0.9666346748863734,17,714,16982.176888227463,loss_threshold
seed42_table,seed42_table/40P/GPU-CMAES/result.json,GPU-CMAES,40,42,0.9106652241804088,64,3250,13690.202583789825,loss_threshold
seed42_table,seed42_table/40P/GPU-DE/result.json,GPU-DE,40,42,3.212634721698485,106,5350,28745.388813972473,stagnation
seed42_table,seed42_table/40P/GPU-PSO/result.json,GPU-PSO,40,42,0.9771275011893209,240,5359,26173.83916735649,loss_threshold
seed42_table,seed42_table/40P/NM/result.json,NM,40,42,7.754081872951901,50,241,5652.051682710648,stagnation
seed42_table,seed42_table/40P/PSO/result.json,PSO,40,42,3.803006635612389,112,5539,136713.2362191677,stagnation
seed42_table,seed42_table/5P/GD/result.json,GD,5,42,1.7947342553805965,485,3395,81602.59463500977,stagnation
seed42_table,seed42_table/5P/GPU-CMAES/result.json,GPU-CMAES,5,42,1.0219206924932827,64,1625,7420.513239860535,stagnation
seed42_table,seed42_table/5P/GPU-DE/result.json,GPU-DE,5,42,0.9562149505394042,30,775,3668.1949672698975,loss_threshold
seed42_table,seed42_table/5P/GPU-PSO/result.json,GPU-PSO,5,42,0.9942677665453595,59,947,4185.549059152603,loss_threshold
seed42_table,seed42_table/5P/NM/result.json,NM,5,42,2.3636838482437814,93,603,14309.039195299149,stagnation
seed42_table,seed42_table/5P/PSO/result.json,PSO,5,42,1.0346702370477172,61,1490,35835.301624298096,stagnation
seed42_table,seed42_table/80P/GD/result.json,GD,80,42,0.9901854962221188,10,820,19213.597422361374,loss_threshold
seed42_table,seed42_table/80P/GPU-CMAES/result.json,GPU-CMAES,80,42,1.9224647041975038,52,2650,15971.616656780243,stagnation
seed42_table,seed42_table/80P/GPU-DE/result.json,GPU-DE,80,42,2.876317046150723,68,3450,20028.60726594925,stagnation
seed42_table,seed42_table/80P/GPU-PSO/result.json,GPU-PSO,80,42,1.6514269471407523,73,2453,13980.296878576279,stagnation
seed42_table,seed42_table/80P/NM/result.json,NM,80,42,7.754081872951901,50,281,6600.983409404755,stagnation
seed42_table,seed42_table/80P/PSO/result.json,PSO,80,42,7.6511098175089645,56,2795,63472.01363325119,stagnation
seed42_table,seed42_table/8P/GD/result.json,GD,8,42,0.9900632106965406,52,520,12284.956162452698,loss_threshold
seed42_table,seed42_table/8P/GPU-CMAES/result.json,GPU-CMAES,8,42,0.8950630112090692,23,960,4079.5138025283813,loss_threshold
seed42_table,seed42_table/8P/GPU-DE/result.json,GPU-DE,8,42,1.2524917969241103,70,2840,7431.823109149933,stagnation
seed42_table,seed42_table/8P/GPU-PSO/result.json,GPU-PSO,8,42,0.803177347836216,96,2440,11405.086947202682,loss_threshold
seed42_table,seed42_table/8P/NM/result.json,NM,8,42,0.8827184201675042,105,429,10075.346014738083,loss_threshold
seed42_table,seed42_table/8P/PSO/result.json,PSO,8,42,1.7355393865127877,60,2381,56970.211374521255,stagnation
gpu_seeds,gpu_seeds/10P/GPU-CMAES/seed42/result.json,GPU-CMAES,10,42,0.9969119314876947,8,450,2012.607177734375,loss_threshold
gpu_seeds,gpu_seeds/10P/GPU-CMAES/seed43/result.json,GPU-CMAES,10,43,0.9932041903434609,30,1550,6833.831430912018,loss_threshold
gpu_seeds,gpu_seeds/10P/GPU-CMAES/seed44/result.json,GPU-CMAES,10,44,0.9211498945298731,19,1000,4357.286437034607,loss_threshold
gpu_seeds,gpu_seeds/10P/GPU-DE/seed42/result.json,GPU-DE,10,42,0.8555483822460414,98,4950,23492.957795143127,loss_threshold
gpu_seeds,gpu_seeds/10P/GPU-DE/seed43/result.json,GPU-DE,10,43,0.8239035351117772,84,4250,20158.384691476822,loss_threshold
gpu_seeds,gpu_seeds/10P/GPU-DE/seed44/result.json,GPU-DE,10,44,0.93620240952944,125,6300,35889.95766425133,loss_threshold
gpu_seeds,gpu_seeds/10P/GPU-PSO/seed42/result.json,GPU-PSO,10,42,0.9712969049317544,48,1576,7100.749603509903,loss_threshold
gpu_seeds,gpu_seeds/10P/GPU-PSO/seed43/result.json,GPU-PSO,10,43,1.1855473857414003,296,6153,29451.117527484894,stagnation
gpu_seeds,gpu_seeds/10P/GPU-PSO/seed44/result.json,GPU-PSO,10,44,0.9813022315037715,120,3785,16700.737463712692,loss_threshold
gpu_seeds,gpu_seeds/120P/GPU-CMAES/seed42/result.json,GPU-CMAES,120,42,4.098980759297601,52,2650,13694.41874408722,stagnation
gpu_seeds,gpu_seeds/120P/GPU-CMAES/seed43/result.json,GPU-CMAES,120,43,2.0048186950096905,124,6250,37146.541182518005,stagnation
gpu_seeds,gpu_seeds/120P/GPU-CMAES/seed44/result.json,GPU-CMAES,120,44,1.1568448172558417,182,9150,54469.964074373245,stagnation
gpu_seeds,gpu_seeds/120P/GPU-DE/seed42/result.json,GPU-DE,120,42,3.636151056278026,117,5900,35298.512731313705,stagnation
gpu_seeds,gpu_seeds/120P/GPU-DE/seed43/result.json,GPU-DE,120,43,0.9196958017397652,31,1600,10056.925910711288,loss_threshold
gpu_seeds,gpu_seeds/120P/GPU-PSO/seed42/result.json,GPU-PSO,120,42,1.3271984568455761,168,4685,27356.466116905212,stagnation
gpu_seeds,gpu_seeds/120P/GPU-PSO/seed43/result.json,GPU-PSO,120,43,0.9891318393228242,67,2175,12378.679385185242,loss_threshold
gpu_seeds,gpu_seeds/120P/GPU-PSO/seed44/result.json,GPU-PSO,120,44,0.9811121757700985,51,1868,11554.028648138046,loss_threshold
gpu_seeds,gpu_seeds/160P/GPU-CMAES/seed42/result.json,GPU-CMAES,160,42,1.6270578513492135,55,2800,13220.686472892761,stagnation
gpu_seeds,gpu_seeds/160P/GPU-DE/seed42/result.json,GPU-DE,160,42,3.645834263154236,70,3550,19911.79535508156,stagnation
gpu_seeds,gpu_seeds/160P/GPU-PSO/seed42/result.json,GPU-PSO,160,42,2.9698581226489162,146,4633,29594.893159866333,stagnation
gpu_seeds,gpu_seeds/20P/GPU-CMAES/seed42/result.json,GPU-CMAES,20,42,0.9707965115181848,50,2550,11026.892901182175,loss_threshold
gpu_seeds,gpu_seeds/20P/GPU-CMAES/seed43/result.json,GPU-CMAES,20,43,0.9057854305498652,36,1850,8412.390938043594,loss_threshold
gpu_seeds,gpu_seeds/20P/GPU-CMAES/seed44/result.json,GPU-CMAES,20,44,0.6550464351958076,24,1250,5705.381606578827,loss_threshold
gpu_seeds,gpu_seeds/20P/GPU-DE/seed42/result.json,GPU-DE,20,42,2.6430060471699828,255,12800,62921.59223818779,stagnation
gpu_seeds,gpu_seeds/20P/GPU-DE/seed43/result.json,GPU-DE,20,43,3.9466711594516957,109,5500,30026.18595314026,stagnation
gpu_seeds,gpu_seeds/20P/GPU-DE/seed44/result.json,GPU-DE,20,44,5.553601646433264,74,3750,20589.979388237,stagnation
gpu_seeds,gpu_seeds/20P/GPU-PSO/seed42/result.json,GPU-PSO,20,42,0.913570993843279,97,3465,16394.45687031746,loss_threshold
gpu_seeds,gpu_seeds/20P/GPU-PSO/seed43/result.json,GPU-PSO,20,43,1.2023187815109544,198,4658,22299.444549798965,stagnation
gpu_seeds,gpu_seeds/20P/GPU-PSO/seed44/result.json,GPU-PSO,20,44,2.3319991571461824,238,6991,32429.87998843193,stagnation
gpu_seeds,gpu_seeds/210P/GPU-CMAES/seed42/result.json,GPU-CMAES,210,42,0.9191028337085517,191,9600,60536.904344558716,loss_threshold
gpu_seeds,gpu_seeds/210P/GPU-DE/seed42/result.json,GPU-DE,210,42,1.250257236892257,103,5200,26656.377045869827,stagnation
gpu_seeds,gpu_seeds/210P/GPU-PSO/seed42/result.json,GPU-PSO,210,42,0.9227266008500312,236,6571,36016.97320365906,loss_threshold
gpu_seeds,gpu_seeds/2P/GPU-CMAES/seed42/result.json,GPU-CMAES,2,42,2.2909657786013624,60,610,3263.810451745987,stagnation
gpu_seeds,gpu_seeds/2P/GPU-CMAES/seed43/result.json,GPU-CMAES,2,43,2.2944649612387398,92,930,4666.837900400162,stagnation
gpu_seeds,gpu_seeds/2P/GPU-CMAES/seed44/result.json,GPU-CMAES,2,44,2.29550659935762,73,740,3854.327484846115,stagnation
gpu_seeds,gpu_seeds/2P/GPU-DE/seed42/result.json,GPU-DE,2,42,1.1440481762578483,107,1080,5653.513517141342,stagnation
gpu_seeds,gpu_seeds/2P/GPU-DE/seed43/result.json,GPU-DE,2,43,1.9163121294798875,136,1370,6604.890933513641,stagnation
gpu_seeds,gpu_seeds/2P/GPU-DE/seed44/result.json,GPU-DE,2,44,1.1298710967201295,87,880,4161.25140953064,stagnation
gpu_seeds,gpu_seeds/2P/GPU-PSO/seed42/result.json,GPU-PSO,2,42,1.1020490961403087,291,2920,15309.106984376907,stagnation
gpu_seeds,gpu_seeds/2P/GPU-PSO/seed43/result.json,GPU-PSO,2,43,1.0985094785855452,467,4680,22252.31720161438,stagnation
gpu_seeds,gpu_seeds/2P/GPU-PSO/seed44/result.json,GPU-PSO,2,44,1.1010277480911868,265,2660,12561.12903046608,stagnation
gpu_seeds,gpu_seeds/3P/GPU-CMAES/seed42/result.json,GPU-CMAES,3,42,1.7918068363236868,127,1920,8094.593055963516,stagnation
gpu_seeds,gpu_seeds/3P/GPU-CMAES/seed43/result.json,GPU-CMAES,3,43,1.6079378903914936,53,810,3338.340209007263,stagnation
gpu_seeds,gpu_seeds/3P/GPU-CMAES/seed44/result.json,GPU-CMAES,3,44,1.7510659777994575,129,1950,7956.146082639694,stagnation
gpu_seeds,gpu_seeds/3P/GPU-DE/seed42/result.json,GPU-DE,3,42,0.771240688937894,34,525,2420.101258993149,loss_threshold
gpu_seeds,gpu_seeds/3P/GPU-DE/seed43/result.json,GPU-DE,3,43,0.9821245838008588,39,600,2564.051676750183,loss_threshold
gpu_seeds,gpu_seeds/3P/GPU-DE/seed44/result.json,GPU-DE,3,44,0.9083465584096928,29,450,1856.313988685608,loss_threshold
gpu_seeds,gpu_seeds/3P/GPU-PSO/seed42/result.json,GPU-PSO,3,42,0.8148500243212816,119,1216,6302.902188062668,loss_threshold
gpu_seeds,gpu_seeds/3P/GPU-PSO/seed43/result.json,GPU-PSO,3,43,0.9385293890178789,27,294,1389.4569404125214,loss_threshold
gpu_seeds,gpu_seeds/3P/GPU-PSO/seed44/result.json,GPU-PSO,3,44,0.9971582867745452,112,1145,5464.513899564743,loss_threshold
gpu_seeds,gpu_seeds/40P/GPU-CMAES/seed42/result.json,GPU-CMAES,40,42,0.9106652241804088,64,3250,13690.202583789825,loss_threshold
gpu_seeds,gpu_seeds/40P/GPU-CMAES/seed43/result.json,GPU-CMAES,40,43,0.8980568344945047,68,3450,14219.500272512436,loss_threshold
gpu_seeds,gpu_seeds/40P/GPU-CMAES/seed44/result.json,GPU-CMAES,40,44,0.9502767800733672,77,3900,16222.130856752396,loss_threshold
gpu_seeds,gpu_seeds/40P/GPU-DE/seed42/result.json,GPU-DE,40,42,3.212634721698485,106,5350,28745.388813972473,stagnation
gpu_seeds,gpu_seeds/40P/GPU-DE/seed43/result.json,GPU-DE,40,43,1.7109320061106028,106,5350,28243.92515730858,stagnation
gpu_seeds,gpu_seeds/40P/GPU-DE/seed44/result.json,GPU-DE,40,44,0.9370422608981636,80,4050,22688.4772837162,loss_threshold
gpu_seeds,gpu_seeds/40P/GPU-PSO/seed42/result.json,GPU-PSO,40,42,0.9771275011893209,240,5359,26173.83916735649,loss_threshold
gpu_seeds,gpu_seeds/40P/GPU-PSO/seed43/result.json,GPU-PSO,40,43,3.59927286415764,99,2972,13107.351328611374,stagnation
gpu_seeds,gpu_seeds/40P/GPU-PSO/seed44/result.json,GPU-PSO,40,44,3.4583864099432473,159,4881,23936.556576251984,stagnation
gpu_seeds,gpu_seeds/5P/GPU-CMAES/seed42/result.json,GPU-CMAES,5,42,1.0219206924932827,64,1625,7420.513239860535,stagnation
gpu_seeds,gpu_seeds/5P/GPU-CMAES/seed43/result.json,GPU-CMAES,5,43,0.9677608341254245,16,425,1864.5582592487335,loss_threshold
gpu_seeds,gpu_seeds/5P/GPU-CMAES/seed44/result.json,GPU-CMAES,5,44,1.381266164516827,109,2750,11840.83874130249,stagnation
gpu_seeds,gpu_seeds/5P/GPU-DE/seed42/result.json,GPU-DE,5,42,0.9562149505394042,30,775,3668.1949672698975,loss_threshold
gpu_seeds,gpu_seeds/5P/GPU-DE/seed43/result.json,GPU-DE,5,43,0.7350731635019114,62,1575,7199.0608031749725,loss_threshold
gpu_seeds,gpu_seeds/5P/GPU-DE/seed44/result.json,GPU-DE,5,44,0.9853759720245738,45,1150,5362.106331825256,loss_threshold
gpu_seeds,gpu_seeds/5P/GPU-PSO/seed42/result.json,GPU-PSO,5,42,0.9942677665453595,59,947,4185.549059152603,loss_threshold
gpu_seeds,gpu_seeds/5P/GPU-PSO/seed43/result.json,GPU-PSO,5,43,0.9988205470488541,148,1875,8356.489187002182,loss_threshold
gpu_seeds,gpu_seeds/5P/GPU-PSO/seed44/result.json,GPU-PSO,5,44,0.9067886006460698,61,1100,5490.145876169205,loss_threshold
gpu_seeds,gpu_seeds/80P/GPU-CMAES/seed42/result.json,GPU-CMAES,80,42,1.9224647041975038,52,2650,15971.616656780243,stagnation
gpu_seeds,gpu_seeds/80P/GPU-CMAES/seed43/result.json,GPU-CMAES,80,43,0.8137989223400802,121,6100,25844.04520726204,loss_threshold
gpu_seeds,gpu_seeds/80P/GPU-CMAES/seed44/result.json,GPU-CMAES,80,44,2.1177703339919436,68,3450,16190.656534194946,stagnation
gpu_seeds,gpu_seeds/80P/GPU-DE/seed42/result.json,GPU-DE,80,42,2.876317046150723,68,3450,20028.60726594925,stagnation
gpu_seeds,gpu_seeds/80P/GPU-DE/seed43/result.json,GPU-DE,80,43,6.6083696732006105,81,4100,24088.280868053436,stagnation
gpu_seeds,gpu_seeds/80P/GPU-DE/seed44/result.json,GPU-DE,80,44,0.9880260396400237,134,6750,37401.89817523956,loss_threshold
gpu_seeds,gpu_seeds/80P/GPU-PSO/seed42/result.json,GPU-PSO,80,42,1.6514269471407523,73,2453,13980.296878576279,stagnation
gpu_seeds,gpu_seeds/80P/GPU-PSO/seed43/result.json,GPU-PSO,80,43,3.847121752434177,194,5457,30798.863003253937,stagnation
gpu_seeds,gpu_seeds/80P/GPU-PSO/seed44/result.json,GPU-PSO,80,44,0.9944023327730499,89,2883,16285.308578014374,loss_threshold
gpu_seeds,gpu_seeds/8P/GPU-CMAES/seed42/result.json,GPU-CMAES,8,42,0.8950630112090692,23,960,4079.5138025283813,loss_threshold
gpu_seeds,gpu_seeds/8P/GPU-CMAES/seed43/result.json,GPU-CMAES,8,43,0.8041599097440548,16,680,2811.4074449539185,loss_threshold
gpu_seeds,gpu_seeds/8P/GPU-CMAES/seed44/result.json,GPU-CMAES,8,44,0.9352266493863849,11,480,2024.8788006305695,loss_threshold
gpu_seeds,gpu_seeds/8P/GPU-DE/seed42/result.json,GPU-DE,8,42,1.2524917969241103,70,2840,7431.823109149933,stagnation
gpu_seeds,gpu_seeds/8P/GPU-DE/seed43/result.json,GPU-DE,8,43,0.9749226936440335,78,3160,14501.860395908356,loss_threshold
gpu_seeds,gpu_seeds/8P/GPU-DE/seed44/result.json,GPU-DE,8,44,0.7799702956940473,74,3000,13583.191353321075,loss_threshold
gpu_seeds,gpu_seeds/8P/GPU-PSO/seed42/result.json,GPU-PSO,8,42,0.803177347836216,96,2440,11405.086947202682,loss_threshold
gpu_seeds,gpu_seeds/8P/GPU-PSO/seed43/result.json,GPU-PSO,8,43,0.9681389884708647,45,1410,6317.4593460559845,loss_threshold
gpu_seeds,gpu_seeds/8P/GPU-PSO/seed44/result.json,GPU-PSO,8,44,0.9580445524079942,70,2130,9319.882887125015,loss_threshold
